country_year,year,phone_code,entrepreneurship,cy_cell,country,median_age
United States_2001,2001,1,0.036458333333333336,1536,United States,40
South Africa_2001,2001,27,0.013392857142857142,1344,South Africa,35
Netherlands_2001,2001,31,0.02607561929595828,1534,Netherlands,41
Belgium_2001,2001,32,0.01232166018158236,1542,Belgium,41
France_2001,2001,33,0.007612456747404845,1445,France,40
Spain_2001,2001,34,0.027124773960216998,1659,Spain,38
Hungary_2001,2001,36,0.03627760252365931,1902,Hungary,41
Italy_2001,2001,39,0.018192844147968467,1649,Italy,40
United Kingdom_2001,2001,44,0.027145599122566495,3647,United Kingdom,40
Denmark_2001,2001,45,0.027166882276843468,1546,Denmark,41
Sweden_2001,2001,46,0.02067777139574957,1741,Sweden,42
Norway_2001,2001,47,0.03136762860727729,2391,Norway,40
Poland_2001,2001,48,0.02644836272040302,1588,Poland,41
Germany_2001,2001,49,0.023772102161100195,5090,Germany,41
Mexico_2001,2001,52,0.06864456079115765,1719,Mexico,34
Argentina_2001,2001,54,0.029022082018927444,1585,Argentina,38
Brazil_2001,2001,55,0.04552758435993572,1867,Brazil,36
Australia_2001,2001,61,0.1917808219178082,73,Australia,40
New Zealand_2001,2001,64,0.04635258358662614,1316,New Zealand,40
Singapore_2001,2001,65,0.015799256505576207,1076,Singapore,37
Japan_2001,2001,81,0.008298755186721992,1687,Japan,42
South Korea_2001,2001,82,0.0757918552036199,1768,South Korea,38
India_2001,2001,91,0.03509719222462203,1852,India,35
Canada_2001,2001,101,0.03811369509043928,1548,Canada,40
Portugal_2001,2001,351,0.03263157894736842,1900,Portugal,39
Ireland_2001,2001,353,0.047113470471134705,1507,Ireland,38
Finland_2001,2001,358,0.025362318840579712,1380,Finland,42
Israel_2001,2001,972,0,1459,Israel,37
United States_2002,2002,1,0.0417676673503636,5363,United States,40
Russia_2002,2002,7,0.017068864037669218,1699,Russia,41
South Africa_2002,2002,27,0.024456033087574176,5561,South Africa,35
Netherlands_2002,2002,31,0.02236302646291465,2683,Netherlands,41
Belgium_2002,2002,32,0.010063737001006373,2981,Belgium,41
France_2002,2002,33,0.009265387160820648,1511,France,41
Spain_2002,2002,34,0.025454545454545455,1650,Spain,38
Hungary_2002,2002,36,0.03728638011393061,1931,Hungary,41
Italy_2002,2002,39,0.02064896755162242,1695,Italy,41
Switzerland_2002,2002,41,0.03317535545023697,1688,Switzerland,41
United Kingdom_2002,2002,44,0.026459334038915573,12283,United Kingdom,40
Denmark_2002,2002,45,0.032171581769437,1865,Denmark,41
Sweden_2002,2002,46,0.02403846153846154,1664,Sweden,42
Norway_2002,2002,47,0.0388739946380697,1492,Norway,41
Poland_2002,2002,48,0.008408408408408409,1665,Poland,41
Germany_2002,2002,49,0.02242194014639118,10793,Germany,41
Mexico_2002,2002,52,0.03796095444685466,922,Mexico,35
Argentina_2002,2002,54,0.06578947368421052,1596,Argentina,38
Brazil_2002,2002,55,0.08872767857142858,1792,Brazil,36
Chile_2002,2002,56,0.056623931623931624,1872,Chile,38
Australia_2002,2002,61,0.04702784048156509,2658,Australia,40
New Zealand_2002,2002,64,0.06407035175879397,1592,New Zealand,40
Singapore_2002,2002,65,0.02168021680216802,1845,Singapore,37
Thailand_2002,2002,66,0.1109936575052854,946,Thailand,37
Japan_2002,2002,81,0.011318619128466326,1767,Japan,42
South Korea_2002,2002,82,0.09707602339181287,1710,South Korea,38
China_2002,2002,86,0.07588617074388418,2003,China,37
India_2002,2002,91,0.052097428958051424,2956,India,35
Canada_2002,2002,101,0.033962264150943396,1590,Canada,41
Ireland_2002,2002,353,0.0410221923335575,1487,Ireland,38
Iceland_2002,2002,354,0.06619385342789598,1692,Iceland,39
Finland_2002,2002,358,0.02180232558139535,1376,Finland,43
Croatia_2002,2002,385,0.00901481004507405,1553,Croatia,41
Slovenia_2002,2002,386,0.015375153751537515,1626,Slovenia,41
Hong Kong_2002,2002,852,0.014668367346938776,1568,Hong Kong,40
Taiwan_2002,2002,886,0.032665964172813484,1898,Taiwan,38
Israel_2002,2002,972,0.038461538461538464,1586,Israel,37
United States_2003,2003,1,0.04861313868613139,6850,United States,41
Greece_2003,2003,30,0.037383177570093455,1926,Greece,40
Netherlands_2003,2003,31,0.02071563088512241,2655,Netherlands,41
Belgium_2003,2003,32,0.01172447484123107,2047,Belgium,41
France_2003,2003,33,0.004554326610279766,1537,France,41
Spain_2003,2003,34,0.025518341307814992,1881,Spain,39
Italy_2003,2003,39,0.012040939193257074,1661,Italy,41
Switzerland_2003,2003,41,0.03755299818291944,1651,Switzerland,41
United Kingdom_2003,2003,44,0.029074597109154346,18057,United Kingdom,41
Denmark_2003,2003,45,0.03277807630306287,1861,Denmark,42
Sweden_2003,2003,46,0.024803387779794312,1653,Sweden,42
Norway_2003,2003,47,0.0375,1440,Norway,41
Germany_2003,2003,49,0.030647825289043862,5449,Germany,42
Argentina_2003,2003,54,0.0852099817407182,1643,Argentina,38
Brazil_2003,2003,55,0.07166301969365427,1828,Brazil,36
Chile_2003,2003,56,0.06981981981981981,1776,Chile,38
Australia_2003,2003,61,0.05326086956521739,1840,Australia,40
New Zealand_2003,2003,64,0.050878255602665054,1651,New Zealand,40
Singapore_2003,2003,65,0.023131672597864767,1686,Singapore,37
Japan_2003,2003,81,0.015141540487162607,1519,Japan,42
China_2003,2003,86,0.08918032786885247,1525,China,37
Canada_2003,2003,101,0.04119850187265917,801,Canada,41
Uganda_2003,2003,256,0.1930635838150289,865,Uganda,31
Ireland_2003,2003,353,0.03926535782140595,1579,Ireland,38
Iceland_2003,2003,354,0.043350908025776215,1707,Iceland,39
Finland_2003,2003,358,0.003586800573888092,1394,Finland,43
Croatia_2003,2003,385,0.008491182233834096,1531,Croatia,42
Slovenia_2003,2003,386,0.010578718108276292,1607,Slovenia,41
Venezuela_2003,2003,582,0.09872241579558652,1722,Venezuela,35
Hong Kong_2003,2003,852,0.0159846547314578,1564,Hong Kong,40
United States_2004,2004,1,0.04918032786885246,1525,United States,41
South Africa_2004,2004,27,0.019262295081967213,2440,South Africa,35
Greece_2004,2004,30,0.024517475221700575,1917,Greece,40
Netherlands_2004,2004,31,0.02157164869029276,2596,Netherlands,41
Belgium_2004,2004,32,0.013347570742124934,3746,Belgium,41
France_2004,2004,33,0.016960651289009497,1474,France,41
Spain_2004,2004,34,0.03473651387589648,16035,Spain,39
Hungary_2004,2004,36,0.016086793864571642,2673,Hungary,41
Italy_2004,2004,39,0.01819652244237768,2473,Italy,41
United Kingdom_2004,2004,44,0.025932431036264077,19358,United Kingdom,41
Denmark_2004,2004,45,0.029458179905312992,1901,Denmark,42
Sweden_2004,2004,46,0.020609761573346503,22271,Sweden,42
Norway_2004,2004,47,0.03349493168796827,2269,Norway,41
Poland_2004,2004,48,0.050505050505050504,1881,Poland,40
Germany_2004,2004,49,0.02859224185030049,5491,Germany,42
Peru_2004,2004,51,0.13455838767042086,1687,Peru,35
Argentina_2004,2004,54,0.04489544895448955,1626,Argentina,38
Brazil_2004,2004,55,0.08970905172413793,3712,Brazil,36
Australia_2004,2004,61,0.0539311241065627,1539,Australia,40
New Zealand_2004,2004,64,0.07956600361663653,1659,New Zealand,40
Singapore_2004,2004,65,0.03137679199350825,3697,Singapore,37
Japan_2004,2004,81,0.011242270938729624,1779,Japan,42
Uganda_2004,2004,256,0.1606469002695418,1855,Uganda,31
Portugal_2004,2004,351,0.016592920353982302,904,Portugal,39
Ireland_2004,2004,353,0.02952755905511811,1524,Ireland,38
Iceland_2004,2004,354,0.06132075471698113,1696,Iceland,40
Finland_2004,2004,358,0.017210682492581602,1685,Finland,43
Croatia_2004,2004,385,0.010818120351588911,1479,Croatia,42
Slovenia_2004,2004,386,0.006802721088435374,1617,Slovenia,41
Hong Kong_2004,2004,852,0.015574302401038288,1541,Hong Kong,40
Jordan_2004,2004,962,0.08597285067873303,1989,Jordan,33
Israel_2004,2004,972,0.026923076923076925,1560,Israel,37
United States_2005,2005,1,0.05126452494873548,1463,United States,41
South Africa_2005,2005,27,0.01889763779527559,2540,South Africa,34
Greece_2005,2005,30,0.01701222753854333,1881,Greece,40
Netherlands_2005,2005,31,0.019659735349716444,2645,Netherlands,42
Belgium_2005,2005,32,0.011435832274459974,3935,Belgium,42
France_2005,2005,33,0.006024096385542169,1494,France,41
Spain_2005,2005,34,0.03507160226965685,18505,Spain,39
Hungary_2005,2005,36,0.008029197080291971,2740,Hungary,41
Italy_2005,2005,39,0.019506597819850834,1743,Italy,41
Switzerland_2005,2005,41,0.03603093755895114,5301,Switzerland,41
Austria_2005,2005,43,0.03458076740881099,2111,Austria,41
United Kingdom_2005,2005,44,0.02383053839364519,9064,United Kingdom,41
Denmark_2005,2005,45,0.02428940568475452,1935,Denmark,42
Sweden_2005,2005,46,0.02267156862745098,1632,Sweden,42
Norway_2005,2005,47,0.046308724832214765,1490,Norway,41
Germany_2005,2005,49,0.032550015878056525,6298,Germany,42
Mexico_2005,2005,52,0.014637002341920375,1708,Mexico,35
Argentina_2005,2005,54,0.043795620437956206,1644,Argentina,38
Brazil_2005,2005,55,0.08197611292073832,1842,Brazil,36
Chile_2005,2005,56,0.048691418137553254,1643,Chile,38
Australia_2005,2005,61,0.043213014743263854,1967,Australia,40
New Zealand_2005,2005,64,0.08043478260869565,920,New Zealand,40
Singapore_2005,2005,65,0.03638814016172507,3710,Singapore,37
Thailand_2005,2005,66,0.12233211868818324,1921,Thailand,38
Japan_2005,2005,81,0.011884550084889643,1767,Japan,42
China_2005,2005,86,0.08251953125,2048,China,38
Ireland_2005,2005,353,0.04573378839590444,1465,Ireland,38
Iceland_2005,2005,354,0.027909426013691417,1899,Iceland,40
Finland_2005,2005,358,0.017699115044247787,1921,Finland,43
Latvia_2005,2005,371,0.026133333333333335,1875,Latvia,41
Croatia_2005,2005,385,0.02706359945872801,1478,Croatia,42
Slovenia_2005,2005,386,0.01533635413035901,2869,Slovenia,41
Venezuela_2005,2005,582,0.07621247113163972,1732,Venezuela,36
Jamaica_2005,2005,876,0.07267297162767546,2009,Jamaica,35
United States_2006,2006,1,0.03568242640499554,2242,United States,41
Russia_2006,2006,7,0.016901408450704224,1775,Russia,41
South Africa_2006,2006,27,0.02038216560509554,2355,South Africa,34
Greece_2006,2006,30,0.021511017838405037,1906,Greece,40
Netherlands_2006,2006,31,0.023538344722854973,2634,Netherlands,42
Belgium_2006,2006,32,0.010983263598326359,1912,Belgium,42
France_2006,2006,33,0.007638888888888889,1440,France,41
Spain_2006,2006,34,0.04039032979933233,27259,Spain,39
Hungary_2006,2006,36,0.03270440251572327,2385,Hungary,41
Italy_2006,2006,39,0.01256281407035176,1592,Italy,41
United Kingdom_2006,2006,44,0.024737872017290226,34239,United Kingdom,41
Denmark_2006,2006,45,0.027451780793958568,9799,Denmark,42
Sweden_2006,2006,46,0.014714537963507945,1699,Sweden,42
Norway_2006,2006,47,0.04152249134948097,1445,Norway,41
Germany_2006,2006,49,0.02161605764282038,3886,Germany,42
Peru_2006,2006,51,0.15334128878281622,1676,Peru,36
Mexico_2006,2006,52,0.012528473804100227,1756,Mexico,35
Argentina_2006,2006,54,0.04077906269020085,1643,Argentina,37
Brazil_2006,2006,55,0.08387096774193549,1860,Brazil,36
Chile_2006,2006,56,0.03556485355648536,1912,Chile,39
Colombia_2006,2006,57,0.12654155495978553,1865,Colombia,37
Malaysia_2006,2006,60,0.06621831350232799,1933,Malaysia,36
Australia_2006,2006,61,0.050129198966408266,1935,Australia,41
Indonesia_2006,2006,62,0.1170935703084161,1913,Indonesia,35
Philippines_2006,2006,63,0.16509926854754442,1914,Philippines,34
Singapore_2006,2006,65,0.02545356079068508,3693,Singapore,37
Thailand_2006,2006,66,0.10954616588419405,1917,Thailand,38
Japan_2006,2006,81,0.013827433628318585,1808,Japan,42
China_2006,2006,86,0.10758377425044091,2268,China,38
Turkey_2006,2006,90,0.0374614367562803,2269,Turkey,36
India_2006,2006,91,0.05611972207375735,1871,India,35
Canada_2006,2006,101,0.030642309958750738,1697,Canada,42
Ireland_2006,2006,353,0.03197353914002205,1814,Ireland,38
Iceland_2006,2006,354,0.03672612801678909,1906,Iceland,40
Finland_2006,2006,358,0.026055237102657634,1919,Finland,43
Latvia_2006,2006,371,0.023655913978494623,1860,Latvia,41
Croatia_2006,2006,385,0.031081081081081083,1480,Croatia,42
Slovenia_2006,2006,386,0.016972635954277795,2887,Slovenia,41
Czech Republic_2006,2006,420,0.020512820512820513,1560,Czech Republic,41
Uruguay_2006,2006,598,0.04473684210526316,1520,Uruguay,39
Jamaica_2006,2006,876,0.0979366463237431,3441,Jamaica,35
United Arab Emirates_2006,2006,971,0.020833333333333332,1824,United Arab Emirates,33
United States_2007,2007,1,0.03225806451612903,1519,United States,42
Russia_2007,2007,7,0.011532125205930808,1821,Russia,40
Greece_2007,2007,30,0.011948051948051949,1925,Greece,40
Netherlands_2007,2007,31,0.02511773940345369,2548,Netherlands,42
Belgium_2007,2007,32,0.004136504653567736,1934,Belgium,42
France_2007,2007,33,0.008097165991902834,1482,France,42
Spain_2007,2007,34,0.040993650440013366,26931,Spain,40
Hungary_2007,2007,36,0.03103448275862069,1450,Hungary,41
Italy_2007,2007,39,0.012345679012345678,1944,Italy,42
Romania_2007,2007,40,0.009400705052878966,1702,Romania,39
Switzerland_2007,2007,41,0.029511369134010642,2067,Switzerland,42
Austria_2007,2007,43,0.0093603744149766,1923,Austria,42
United Kingdom_2007,2007,44,0.023665750186293907,38917,United Kingdom,41
Denmark_2007,2007,45,0.030659172202350538,1957,Denmark,42
Sweden_2007,2007,46,0.021406727828746176,1635,Sweden,42
Norway_2007,2007,47,0.02477632484514797,1453,Norway,42
Peru_2007,2007,51,0.13008130081300814,1722,Peru,36
Argentina_2007,2007,54,0.07485963817841547,1603,Argentina,37
Brazil_2007,2007,55,0.08631921824104234,1842,Brazil,36
Chile_2007,2007,56,0.06416957026713124,3444,Chile,39
Colombia_2007,2007,57,0.14249621020717534,1979,Colombia,37
Thailand_2007,2007,66,0.12299741602067184,1935,Thailand,38
Japan_2007,2007,81,0.021526418786692758,1533,Japan,42
China_2007,2007,86,0.09902475618904726,2666,China,39
Turkey_2007,2007,90,0.03401969561324977,2234,Turkey,36
India_2007,2007,91,0.024761904761904763,1575,India,36
Portugal_2007,2007,351,0.04296675191815857,1955,Portugal,40
Ireland_2007,2007,353,0.038819026790595956,1829,Ireland,38
Iceland_2007,2007,354,0.04809725158562368,1892,Iceland,40
Finland_2007,2007,358,0.028421052631578948,1900,Finland,43
Latvia_2007,2007,371,0.021287919105907396,1879,Latvia,41
Serbia_2007,2007,381,0.035861258083480306,1701,Serbia,42
Croatia_2007,2007,385,0.023825731790333562,1469,Croatia,42
Slovenia_2007,2007,386,0.016902380131079683,2899,Slovenia,42
Venezuela_2007,2007,582,0.07311028500619579,1614,Venezuela,36
Uruguay_2007,2007,598,0.04174573055028463,1581,Uruguay,39
Kazakhstan_2007,2007,701,0.052603613177470775,1882,Kazakhstan,37
Puerto Rico_2007,2007,787,0.01549053356282272,1743,Puerto Rico,NA
Dominican Republic_2007,2007,809,0.07414931437277807,1969,Dominican Republic,36
Hong Kong_2007,2007,852,0.04032766225582861,1587,Hong Kong,42
United Arab Emirates_2007,2007,971,0.04759493670886076,1975,United Arab Emirates,33
Israel_2007,2007,972,0.018867924528301886,1749,Israel,37
United States_2008,2008,1,0.04441812259401836,3377,United States,42
Russia_2008,2008,7,0.017743979721166033,1578,Russia,40
Egypt_2008,2008,20,0.05816831683168317,2424,Egypt,34
South Africa_2008,2008,27,0.024949698189134808,2485,South Africa,34
Greece_2008,2008,30,0.04697286012526096,1916,Greece,41
Netherlands_2008,2008,31,0.035355564483728404,2489,Netherlands,43
Belgium_2008,2008,32,0.007853403141361256,1910,Belgium,42
France_2008,2008,33,0.019528619528619527,1485,France,42
Spain_2008,2008,34,0.03783114797966283,29896,Spain,40
Hungary_2008,2008,36,0.031185031185031187,1924,Hungary,41
Italy_2008,2008,39,0.022460262612301312,2894,Italy,42
Romania_2008,2008,40,0.0161892901618929,1606,Romania,39
United Kingdom_2008,2008,44,0.027260179434092476,5796,United Kingdom,42
Denmark_2008,2008,45,0.021014864172219375,1951,Denmark,43
Norway_2008,2008,47,0.03553299492385787,1576,Norway,42
Germany_2008,2008,49,0.02003484320557491,4592,Germany,43
Peru_2008,2008,51,0.08373590982286634,1863,Peru,36
Mexico_2008,2008,52,0.0419639110365086,2383,Mexico,36
Argentina_2008,2008,54,0.08395061728395062,1620,Argentina,37
Brazil_2008,2008,55,0.09154929577464789,1846,Brazil,37
Chile_2008,2008,56,0.0563049853372434,1705,Chile,39
Colombia_2008,2008,57,0.11940298507462686,1876,Colombia,37
Japan_2008,2008,81,0.02207862143241788,1857,Japan,42
South Korea_2008,2008,82,0.06715634837355719,1906,South Korea,40
Turkey_2008,2008,90,0.029596412556053813,2230,Turkey,36
India_2008,2008,91,0.0597567424643046,1891,India,36
Iran_2008,2008,98,0.03427214116050221,2947,Iran,33
Angola_2008,2008,244,0.04775086505190312,1445,Angola,33
Ireland_2008,2008,353,0.03687867450561197,1871,Ireland,38
Iceland_2008,2008,354,0.03374870197300104,1926,Iceland,40
Finland_2008,2008,358,0.03414381789963787,1933,Finland,43
Latvia_2008,2008,371,0.028266666666666666,1875,Latvia,41
Serbia_2008,2008,381,0.03312392918332382,1751,Serbia,42
Croatia_2008,2008,385,0.02342786683107275,1622,Croatia,42
Slovenia_2008,2008,386,0.021538461538461538,2925,Slovenia,42
Bosnia and Herzegovina_2008,2008,387,0.027406417112299464,1496,Bosnia and Herzegovina,41
Macedonia_2008,2008,389,0.07382953181272509,1666,Macedonia,40
Bolivia_2008,2008,591,0.15083477259643063,1737,Bolivia,34
Ecuador_2008,2008,593,0.09861248761149653,2018,Ecuador,35
Uruguay_2008,2008,598,0.044287548138639284,1558,Uruguay,39
Dominican Republic_2008,2008,809,0.0995260663507109,1899,Dominican Republic,36
Jamaica_2008,2008,876,0.06992417860151642,2374,Jamaica,36
Israel_2008,2008,972,0.029214850882531954,1643,Israel,38
United States_2009,2009,1,0.0287569573283859,3234,United States,42
Russia_2009,2009,7,0.022556390977443608,1596,Russia,40
South Africa_2009,2009,27,0.0273972602739726,2555,South Africa,34
Greece_2009,2009,30,0.03881511746680286,1958,Greece,41
Netherlands_2009,2009,31,0.04009546539379475,2095,Netherlands,43
Belgium_2009,2009,32,0.014675052410901468,3816,Belgium,42
France_2009,2009,33,0.01348747591522158,1557,France,42
Spain_2009,2009,34,0.022982780703002702,28108,Spain,40
Hungary_2009,2009,36,0.035751840168243953,1902,Hungary,41
Italy_2009,2009,39,0.016584333098094567,2834,Italy,42
Romania_2009,2009,40,0.020253164556962026,1580,Romania,39
Switzerland_2009,2009,41,0.032150033489618215,1493,Switzerland,42
United Kingdom_2009,2009,44,0.026478616924476797,21980,United Kingdom,42
Denmark_2009,2009,45,0.0228310502283105,1971,Denmark,43
Norway_2009,2009,47,0.039298669891172915,1654,Norway,42
Germany_2009,2009,49,0.02782578638091946,5786,Germany,43
Peru_2009,2009,51,0.049019607843137254,1836,Peru,36
Argentina_2009,2009,54,0.08104738154613467,1604,Argentina,37
Brazil_2009,2009,55,0.1195069667738478,1866,Brazil,37
Chile_2009,2009,56,0.06684822975984155,4039,Chile,39
Colombia_2009,2009,57,0.09289050337311884,1927,Colombia,38
Malaysia_2009,2009,60,0.02548131370328426,1766,Malaysia,37
Japan_2009,2009,81,0.011726384364820847,1535,Japan,42
South Korea_2009,2009,82,0.044363256784968684,1916,South Korea,40
China_2009,2009,86,0.11943262411347517,3525,China,39
Iran_2009,2009,98,0.04293861120429386,2981,Iran,33
Morocco_2009,2009,212,0.09454545454545454,1375,Morocco,35
Algeria_2009,2009,213,0.057249866238630286,1869,Algeria,34
Tunisia_2009,2009,216,0.07345225603357818,1906,Tunisia,36
Uganda_2009,2009,256,0.2259825327510917,1832,Uganda,32
Iceland_2009,2009,354,0.04310868245294475,1647,Iceland,40
Finland_2009,2009,358,0.02612330198537095,1914,Finland,44
Latvia_2009,2009,371,0.05472901168969182,1882,Latvia,41
Serbia_2009,2009,381,0.026900584795321637,1710,Serbia,42
Croatia_2009,2009,385,0.022896039603960396,1616,Croatia,42
Slovenia_2009,2009,386,0.01905410003402518,2939,Slovenia,42
Bosnia and Herzegovina_2009,2009,387,0.01418812401471361,1903,Bosnia and Herzegovina,41
Guatemala_2009,2009,502,0.06133735545500251,1989,Guatemala,34
Panama_2009,2009,507,0.03509690937663698,1909,Panama,37
Venezuela_2009,2009,582,0.06086956521739131,1495,Venezuela,36
Ecuador_2009,2009,593,0.0974433188615533,2073,Ecuador,36
Uruguay_2009,2009,598,0.04242819843342036,1532,Uruguay,39
Tonga_2009,2009,676,0.12344398340248963,964,Tonga,35
Shenzhen*_2009,2009,755,0.024670109007458405,1743,Shenzhen*,NA
Dominican Republic_2009,2009,809,0.09435951502372167,1897,Dominican Republic,36
Hong Kong_2009,2009,852,0.0182328190743338,713,Hong Kong,42
Jamaica_2009,2009,876,0.11806451612903225,1550,Jamaica,36
Lebanon_2009,2009,961,0.09161576901721266,1801,Lebanon,35
Jordan_2009,2009,962,0.05396290050590219,1779,Jordan,33
Syria_2009,2009,963,0.04965296316070475,1873,Syria,33
Saudi Arabia_2009,2009,966,0.022270505160239002,1841,Saudi Arabia,34
Yemen_2009,2009,967,0.011452368558042686,1921,Yemen,31
West Bank & Gaza Strip_2009,2009,970,0.06349206349206349,1890,West Bank & Gaza Strip,33
United Arab Emirates_2009,2009,971,0.06714761376248612,1802,United Arab Emirates,33
Israel_2009,2009,972,0.025981524249422634,1732,Israel,38
United States_2010,2010,1,0.026239067055393587,2744,United States,42
Russia_2010,2010,7,0.021237864077669904,1648,Russia,41
Egypt_2010,2010,20,0.042731781762686,2621,Egypt,34
Greece_2010,2010,30,0.03403816400206292,1939,Greece,41
Netherlands_2010,2010,31,0.025483304042179262,2276,Netherlands,43
Belgium_2010,2010,32,0.014906027219701879,1543,Belgium,42
France_2010,2010,33,0.02349869451697128,1532,France,42
Spain_2010,2010,34,0.018515643195404084,25762,Spain,40
Hungary_2010,2010,36,0.030446194225721784,1905,Hungary,41
Italy_2010,2010,39,0.01119664100769769,2858,Italy,42
Romania_2010,2010,40,0.011131725417439703,1617,Romania,40
Switzerland_2010,2010,41,0.032133676092544985,1556,Switzerland,42
United Kingdom_2010,2010,44,0.032170367014046214,2207,United Kingdom,42
Denmark_2010,2010,45,0.026673640167364017,1912,Denmark,43
Sweden_2010,2010,46,0.024456521739130436,2208,Sweden,42
Norway_2010,2010,47,0.032732130928523714,1497,Norway,42
Germany_2010,2010,49,0.02384500745156483,5368,Germany,43
Peru_2010,2010,51,0.06752411575562701,1866,Peru,36
Mexico_2010,2010,52,0.0211864406779661,2360,Mexico,36
Argentina_2010,2010,54,0.06829573934837092,1596,Argentina,38
Brazil_2010,2010,55,0.11755146262188516,1846,Brazil,37
Chile_2010,2010,56,0.06475929415795785,5837,Chile,39
Colombia_2010,2010,57,0.11657629744384199,10328,Colombia,38
Malaysia_2010,2010,60,0.03612644254892122,1993,Malaysia,37
Australia_2010,2010,61,0.042794210195091255,1589,Australia,40
Japan_2010,2010,81,0.020475926950747094,1807,Japan,43
South Korea_2010,2010,82,0.05271481286241434,1897,South Korea,41
China_2010,2010,86,0.10574918081620495,3357,China,39
Turkey_2010,2010,90,0.0437859354268023,2261,Turkey,36
Pakistan_2010,2010,92,0.024526198439241916,1794,Pakistan,34
Iran_2010,2010,98,0.06648936170212766,3008,Iran,33
Tunisia_2010,2010,216,0.04586666666666667,1875,Tunisia,36
Ghana_2010,2010,233,0.258193091231178,2258,Ghana,34
Angola_2010,2010,244,0.199310740953475,1741,Angola,33
Uganda_2010,2010,256,0.22365283738674296,2097,Uganda,32
Zambia_2010,2010,260,0.19818285065303803,1761,Zambia,32
Portugal_2010,2010,351,0.029518384256861728,1931,Portugal,41
Ireland_2010,2010,353,0.026194144838212634,1947,Ireland,39
Iceland_2010,2010,354,0.03235653235653236,1638,Iceland,40
Finland_2010,2010,358,0.03473302229134267,1929,Finland,44
Latvia_2010,2010,371,0.04251968503937008,1905,Latvia,41
Montenegro_2010,2010,382,0.03136434918975431,1913,Montenegro,41
Croatia_2010,2010,385,0.021739130434782608,1564,Croatia,42
Slovenia_2010,2010,386,0.022742935906271536,2902,Slovenia,42
Bosnia and Herzegovina_2010,2010,387,0.03178738926524231,1919,Bosnia and Herzegovina,41
Macedonia_2010,2010,389,0.032915360501567396,1914,Macedonia,40
Guatemala_2010,2010,502,0.08373904576436222,2054,Guatemala,34
Costa Rica_2010,2010,506,0.037907100907634814,1873,Costa Rica,37
Bolivia_2010,2010,591,0.1497988238935314,3231,Bolivia,34
Ecuador_2010,2010,593,0.11663286004056796,1972,Ecuador,36
Uruguay_2010,2010,598,0.03955901426718547,1542,Uruguay,39
* 'Azores'_2010,2010,620,0.02006335797254488,947,* 'Azores',NA
Vanuatu_2010,2010,678,0.29232283464566927,1016,Vanuatu,35
Trinidad and Tobago_2010,2010,868,0.0670006261740764,1597,Trinidad and Tobago,39
Jamaica_2010,2010,876,0.059282371294851796,1923,Jamaica,36
Taiwan_2010,2010,886,0.03995848469122989,1927,Taiwan,40
Saudi Arabia_2010,2010,966,0.03690036900369004,1897,Saudi Arabia,34
West Bank & Gaza Strip_2010,2010,970,0.02933188484519283,1841,West Bank & Gaza Strip,33
Israel_2010,2010,972,0.020755721128259713,1879,Israel,38
United States_2011,2011,1,0.044047887960243955,4427,United States,42
Russia_2011,2011,7,0.02335928809788654,7192,Russia,41
Greece_2011,2011,30,0.03782383419689119,1930,Greece,41
Netherlands_2011,2011,31,0.04091238233164374,2762,Netherlands,43
Belgium_2011,2011,32,0.029950083194675542,1803,Belgium,42
France_2011,2011,33,0.017408123791102514,1551,France,42
Spain_2011,2011,34,0.027353652066261863,16963,Spain,41
Hungary_2011,2011,36,0.016020671834625324,1935,Hungary,41
Romania_2011,2011,40,0.04722056186491333,1673,Romania,40
Switzerland_2011,2011,41,0.030244530244530245,1554,Switzerland,42
United Kingdom_2011,2011,44,0.028125,1600,United Kingdom,42
Denmark_2011,2011,45,0.0157600406710727,1967,Denmark,43
Sweden_2011,2011,46,0.023143683702989394,2074,Sweden,42
Norway_2011,2011,47,0.03469704816157431,1931,Norway,42
Poland_2011,2011,48,0.03913491246138002,1942,Poland,40
Germany_2011,2011,49,0.02852998065764023,4136,Germany,44
Peru_2011,2011,51,0.06413831567205801,1793,Peru,36
Mexico_2011,2011,52,0.04134697357203751,2346,Mexico,36
Argentina_2011,2011,54,0.09382871536523929,1588,Argentina,38
Brazil_2011,2011,55,0.11738891936368623,1823,Brazil,37
Chile_2011,2011,56,0.09511698880976602,5898,Chile,39
Colombia_2011,2011,57,0.06338028169014084,9656,Colombia,38
Malaysia_2011,2011,60,0.026147278548559232,1874,Malaysia,37
Australia_2011,2011,61,0.04758757435558493,1513,Australia,41
Thailand_2011,2011,66,0.11863517060367454,1905,Thailand,40
Japan_2011,2011,81,0.021783181357649443,1974,Japan,43
South Korea_2011,2011,82,0.05387029288702929,1912,South Korea,41
China_2011,2011,86,0.14349775784753363,3568,China,40
Turkey_2011,2011,90,0.06258322237017311,2253,Turkey,37
Pakistan_2011,2011,92,0.01426220515633571,1823,Pakistan,34
Iran_2011,2011,98,0.03934959349593496,3075,Iran,34
Algeria_2011,2011,213,0.04506946797695696,2951,Algeria,35
Nigeria_2011,2011,234,0.12236058473199783,1847,Nigeria,33
Barbados_2011,2011,246,0.01066447908121411,1219,Barbados,41
Portugal_2011,2011,351,0.032490974729241874,1939,Portugal,41
Ireland_2011,2011,353,0.03164556962025317,1896,Ireland,39
Finland_2011,2011,358,0.03364389233954451,1932,Finland,44
Lithuania_2011,2011,370,0.04739824832560536,1941,Lithuania,42
Latvia_2011,2011,371,0.05416666666666667,1920,Latvia,42
Croatia_2011,2011,385,0.02072538860103627,1930,Croatia,43
Slovenia_2011,2011,386,0.017142857142857144,1925,Slovenia,42
Bosnia and Herzegovina_2011,2011,387,0.02506836827711942,2194,Bosnia and Herzegovina,42
Czech Republic_2011,2011,420,0.02878074306645735,1911,Czech Republic,41
Slovakia_2011,2011,421,0.05552645364064956,1909,Slovakia,40
Guatemala_2011,2011,502,0.09662065683008092,2101,Guatemala,34
Panama_2011,2011,507,0.09219486642221059,1909,Panama,37
Venezuela_2011,2011,582,0.02855543113101904,1786,Venezuela,36
Uruguay_2011,2011,598,0.056400506970849175,1578,Uruguay,39
Trinidad and Tobago_2011,2011,868,0.09097801364670205,1319,Trinidad and Tobago,39
Jamaica_2011,2011,876,0.04914933837429111,1587,Jamaica,37
Bangladesh_2011,2011,880,0.0699724517906336,1815,Bangladesh,35
Taiwan_2011,2011,886,0.04657247514390372,1911,Taiwan,41
United Arab Emirates_2011,2011,971,0.041652441106179584,2929,United Arab Emirates,34
United States_2012,2012,1,0.04484418545730935,3947,United States,42
Russia_2012,2012,7,0.018208516886930984,3405,Russia,41
Egypt_2012,2012,20,0.04669751787968027,2377,Egypt,34
South Africa_2012,2012,27,0.0322061191626409,2484,South Africa,34
Greece_2012,2012,30,0.029506437768240343,1864,Greece,42
Netherlands_2012,2012,31,0.06404293381037567,2795,Netherlands,43
Belgium_2012,2012,32,0.01929474384564205,1503,Belgium,42
France_2012,2012,33,0.015006385696040868,3132,France,42
Spain_2012,2012,34,0.02430802829606419,21063,Spain,41
Hungary_2012,2012,36,0.0365979381443299,1940,Hungary,41
Italy_2012,2012,39,0.0210688591983556,1946,Italy,43
Romania_2012,2012,40,0.03527980535279805,1644,Romania,40
Switzerland_2012,2012,41,0.03116883116883117,1540,Switzerland,42
Austria_2012,2012,43,0.032156510006746124,4447,Austria,43
United Kingdom_2012,2012,44,0.03633004926108374,1624,United Kingdom,42
Denmark_2012,2012,45,0.024859287054409006,2132,Denmark,43
Sweden_2012,2012,46,0.019631171921475312,1681,Sweden,42
Norway_2012,2012,47,0.03272727272727273,1925,Norway,42
Poland_2012,2012,48,0.043229166666666666,1920,Poland,40
Germany_2012,2012,49,0.025096525096525095,4144,Germany,44
Peru_2012,2012,51,0.06376021798365122,1835,Peru,36
Mexico_2012,2012,52,0.04513888888888889,2304,Mexico,36
Argentina_2012,2012,54,0.07830950901180858,1609,Argentina,38
Brazil_2012,2012,55,0.12310646468956689,9374,Brazil,37
Chile_2012,2012,56,0.08365019011406843,1841,Chile,39
Colombia_2012,2012,57,0.07126360936984494,6062,Colombia,38
Malaysia_2012,2012,60,0.04542966611932129,1827,Malaysia,37
Singapore_2012,2012,65,0.0416210295728368,1826,Singapore,37
Thailand_2012,2012,66,0.11213626685592619,2818,Thailand,40
Japan_2012,2012,81,0.01842374616171955,1954,Japan,43
South Korea_2012,2012,82,0.043478260869565216,1932,South Korea,42
China_2012,2012,86,0.07884399551066218,3564,China,40
Turkey_2012,2012,90,0.05472854640980736,2284,Turkey,37
India_2012,2012,91,4.001600640256102e-4,2499,India,36
Pakistan_2012,2012,92,0.03259098316132537,1841,Pakistan,34
Iran_2012,2012,98,0.06990881458966565,2961,Iran,34
Algeria_2012,2012,213,0.07141320714132071,4649,Algeria,35
Tunisia_2012,2012,216,0.026680896478121666,1874,Tunisia,37
Ghana_2012,2012,233,0.24671916010498687,1905,Ghana,34
Nigeria_2012,2012,234,0.145933014354067,2508,Nigeria,33
Angola_2012,2012,244,0.20509125840537945,2082,Angola,33
Barbados_2012,2012,246,0.0792838874680307,1564,Barbados,41
Ethiopia_2012,2012,251,0.0766488413547237,2805,Ethiopia,33
Uganda_2012,2012,256,0.2737873134328358,2144,Uganda,31
Zambia_2012,2012,260,0.14322916666666666,1920,Zambia,32
Anguilla_2012,2012,264,0.06491803278688525,1525,Anguilla,41
Malawi_2012,2012,265,0.21368038740920098,1652,Malawi,32
Botswana_2012,2012,267,0.13168044077134985,1815,Botswana,34
Portugal_2012,2012,351,0.03777544596012592,1906,Portugal,41
Ireland_2012,2012,353,0.019473684210526317,1900,Ireland,39
Finland_2012,2012,358,0.02710843373493976,1992,Finland,43
Lithuania_2012,2012,370,0.03840084166228301,1901,Lithuania,42
Latvia_2012,2012,371,0.04908616187989556,1915,Latvia,42
Estonia_2012,2012,372,0.05042016806722689,1666,Estonia,41
Croatia_2012,2012,385,0.02402088772845953,1915,Croatia,43
Slovenia_2012,2012,386,0.024539877300613498,1956,Slovenia,42
Bosnia and Herzegovina_2012,2012,387,0.035844155844155845,1925,Bosnia and Herzegovina,42
Macedonia_2012,2012,389,0.030665280665280667,1924,Macedonia,40
Slovakia_2012,2012,421,0.03942652329749104,1953,Slovakia,40
El Salvador_2012,2012,503,0.07946278679350867,1787,El Salvador,35
Costa Rica_2012,2012,506,0.0563230605738576,1882,Costa Rica,37
Panama_2012,2012,507,0.02748414376321353,1892,Panama,37
Ecuador_2012,2012,593,0.12057112638815441,1891,Ecuador,36
Uruguay_2012,2012,598,0.050706033376123234,1558,Uruguay,39
Trinidad and Tobago_2012,2012,868,0.0682095006090134,1642,Trinidad and Tobago,39
Jamaica_2012,2012,876,0.1559074299634592,1642,Jamaica,37
Taiwan_2012,2012,886,0.044232922732362824,1786,Taiwan,41
West Bank & Gaza Strip_2012,2012,970,0.042440318302387266,1885,West Bank & Gaza Strip,33
Israel_2012,2012,972,0.029253731343283584,1675,Israel,38
United States_2013,2013,1,0.036535513541134386,3914,United States,42
Russia_2013,2013,7,0.028836251287332648,1942,Russia,41
South Africa_2013,2013,27,0.035075412136092596,2851,South Africa,34
Greece_2013,2013,30,0.02317008952080042,1899,Greece,42
Netherlands_2013,2013,31,0.052220394736842105,2432,Netherlands,43
Belgium_2013,2013,32,0.016537467700258397,1935,Belgium,42
France_2013,2013,33,0.018342391304347828,1472,France,43
Spain_2013,2013,34,0.022074681777815366,23647,Spain,41
Hungary_2013,2013,36,0.036885245901639344,1952,Hungary,41
Italy_2013,2013,39,0.012018027040560842,1997,Italy,43
Romania_2013,2013,40,0.04183673469387755,1960,Romania,40
Switzerland_2013,2013,41,0.038386467143786594,1537,Switzerland,42
United Kingdom_2013,2013,44,0.027585410895660203,8664,United Kingdom,42
Sweden_2013,2013,46,0.02508361204013378,1794,Sweden,42
Norway_2013,2013,47,0.034877667881311816,1921,Norway,42
Poland_2013,2013,48,0.043076923076923075,1950,Poland,41
Germany_2013,2013,49,0.023083548664944015,5805,Germany,44
Peru_2013,2013,51,0.06480985538296732,1867,Peru,36
Mexico_2013,2013,52,0.0346553715825953,2597,Mexico,37
Argentina_2013,2013,54,0.05647461494580719,1753,Argentina,38
Brazil_2013,2013,55,0.12361702127659574,9400,Brazil,37
Chile_2013,2013,56,0.0981897970378497,5469,Chile,40
Colombia_2013,2013,57,0.09956030150753768,3184,Colombia,38
Malaysia_2013,2013,60,0.04723502304147465,1736,Malaysia,37
Indonesia_2013,2013,62,0.20796867802855826,4342,Indonesia,37
Philippines_2013,2013,63,0.08118393234672304,2365,Philippines,35
Singapore_2013,2013,65,0.04560260586319218,1842,Singapore,37
Thailand_2013,2013,66,0.10062056737588652,2256,Thailand,40
Japan_2013,2013,81,0.015527950310559006,1932,Japan,43
South Korea_2013,2013,82,0.04372427983539095,1944,South Korea,42
Vietnam_2013,2013,84,0.11609498680738786,1895,Vietnam,36
China_2013,2013,86,0.0981838819523269,3524,China,40
Turkey_2013,2013,90,0.05179815828770533,32144,Turkey,37
India_2013,2013,91,0.04668304668304668,2849,India,37
Iran_2013,2013,98,0.07367149758454106,3312,Iran,34
Canada_2013,2013,101,0.05075111652456354,2463,Canada,43
Algeria_2013,2013,213,0.02689284236657013,2417,Algeria,35
Libya_2013,2013,218,0.04755244755244755,2145,Libya,35
Ghana_2013,2013,233,0.1753710830126443,1819,Ghana,34
Nigeria_2013,2013,234,0.21261115602263542,2474,Nigeria,33
Angola_2013,2013,244,0.17608409986859397,1522,Angola,33
Barbados_2013,2013,246,0.10483042137718397,1946,Barbados,42
Uganda_2013,2013,256,0.20983892033086635,2297,Uganda,31
Zambia_2013,2013,260,0.18369453044375644,1938,Zambia,32
Malawi_2013,2013,265,0.19450207468879668,1928,Malawi,32
Botswana_2013,2013,267,0.10209042294603791,2057,Botswana,34
Namibia_2013,2013,270,0.14672952268709488,1697,Namibia,33
Portugal_2013,2013,351,0.0443298969072165,1940,Portugal,42
Luxembourg_2013,2013,352,0.026463104325699746,1965,Luxembourg,42
Ireland_2013,2013,353,0.03273322422258593,1833,Ireland,40
Finland_2013,2013,358,0.027522935779816515,1962,Finland,43
Lithuania_2013,2013,370,0.06341719077568134,1908,Lithuania,43
Latvia_2013,2013,371,0.05076923076923077,1950,Latvia,42
Estonia_2013,2013,372,0.045294117647058825,1700,Estonia,42
Croatia_2013,2013,385,0.022256728778467908,1932,Croatia,43
Slovenia_2013,2013,386,0.02730551262235961,1941,Slovenia,43
Bosnia and Herzegovina_2013,2013,387,0.045263157894736845,1900,Bosnia and Herzegovina,42
Macedonia_2013,2013,389,0.03495044340114763,1917,Macedonia,40
Czech Republic_2013,2013,420,0.028961522548613984,4834,Czech Republic,41
Slovakia_2013,2013,421,0.03495044340114763,1917,Slovakia,41
Guatemala_2013,2013,502,0.05181347150259067,1930,Guatemala,34
Panama_2013,2013,507,0.05405405405405406,1887,Panama,37
Ecuador_2013,2013,593,0.14028985507246378,1725,Ecuador,36
Suriname_2013,2013,597,0.014326647564469915,1396,Suriname,37
Uruguay_2013,2013,598,0.05824607329842932,1528,Uruguay,39
Puerto Rico_2013,2013,787,0.016339869281045753,1530,Puerto Rico,42
Trinidad and Tobago_2013,2013,868,0.08779576587795766,1606,Trinidad and Tobago,39
Jamaica_2013,2013,876,0.06639487478159581,1717,Jamaica,37
Taiwan_2013,2013,886,0.05093555093555094,1924,Taiwan,41
Israel_2013,2013,972,0.04928861788617886,1968,Israel,38
United States_2014,2014,1,0.04316546762589928,2641,United States,42
Russia_2014,2014,7,0.024594453165881738,1911,Russia,41
South Africa_2014,2014,27,0.028634361233480177,3178,South Africa,34
Greece_2014,2014,30,0.03297269448737764,1941,Greece,42
Netherlands_2014,2014,31,0.046677649643053265,1821,Netherlands,43
Belgium_2014,2014,32,0.024987251402345742,1961,Belgium,43
France_2014,2014,33,0.017310252996005325,1502,France,43
Spain_2014,2014,34,0.022169733134427317,24132,Spain,42
Hungary_2014,2014,36,0.04065469904963041,1894,Hungary,41
Italy_2014,2014,39,0.013860369609856264,1948,Italy,43
Romania_2014,2014,40,0.05974025974025974,1925,Romania,41
Switzerland_2014,2014,41,0.03569497025419145,1849,Switzerland,42
Austria_2014,2014,43,0.0325718163311468,4421,Austria,43
United Kingdom_2014,2014,44,0.04374158815612382,1486,United Kingdom,42
Denmark_2014,2014,45,0.02481520591341077,1894,Denmark,43
Sweden_2014,2014,46,0.019115237575095576,1831,Sweden,42
Norway_2014,2014,47,0.029881504379185988,1941,Norway,42
Poland_2014,2014,48,0.03961401726764855,1969,Poland,41
Germany_2014,2014,49,0.02550529355149182,4156,Germany,45
Peru_2014,2014,51,0.07901761879337961,1873,Peru,37
Mexico_2014,2014,52,0.06273369339426672,2407,Mexico,37
Argentina_2014,2014,54,0.05558362809499747,1979,Argentina,38
Brazil_2014,2014,55,0.13957446808510637,9400,Brazil,38
Chile_2014,2014,56,0.10415458937198067,5175,Chile,40
Colombia_2014,2014,57,0.07180232558139535,3440,Colombia,38
Malaysia_2014,2014,60,0.041719342604298354,1582,Malaysia,38
Australia_2014,2014,61,0.05710955710955711,1716,Australia,41
Indonesia_2014,2014,62,0.08992395437262357,5260,Indonesia,38
Philippines_2014,2014,63,0.11027837259100642,1868,Philippines,35
Singapore_2014,2014,65,0.049577464788732394,1775,Singapore,37
Thailand_2014,2014,66,0.17262512768130744,1958,Thailand,40
Japan_2014,2014,81,0.01165146909827761,1974,Japan,43
Vietnam_2014,2014,84,0.1395471300684571,1899,Vietnam,36
China_2014,2014,86,0.10338934776416975,3511,China,41
India_2014,2014,91,0.02485474499677211,3098,India,37
Iran_2014,2014,98,0.09038645800063877,3131,Iran,35
Canada_2014,2014,101,0.05623721881390593,1956,Canada,43
Burkina Faso_2014,2014,226,0.09343715239154617,2697,Burkina Faso,32
Cameroon_2014,2014,237,0.1395844432605221,1877,Cameroon,32
Angola_2014,2014,244,0.15288713910761154,1524,Angola,33
Barbados_2014,2014,246,0.0482420278004906,1223,Barbados,42
Uganda_2014,2014,256,0.28272251308900526,1910,Uganda,31
Botswana_2014,2014,267,0.1194331983805668,1976,Botswana,34
Portugal_2014,2014,351,0.04604242110708743,1933,Portugal,42
Luxembourg_2014,2014,352,0.021739130434782608,2024,Luxembourg,42
Ireland_2014,2014,353,0.022631578947368423,1900,Ireland,40
Finland_2014,2014,358,0.02348136804492088,1959,Finland,43
Lithuania_2014,2014,370,0.05126877265665458,1931,Lithuania,43
Estonia_2014,2014,372,0.03621730382293763,1988,Estonia,42
Kosovo_2014,2014,383,0.01881331403762663,1382,Kosovo,36
Croatia_2014,2014,385,0.022928608650338717,1919,Croatia,43
Slovenia_2014,2014,386,0.02624806999485332,1943,Slovenia,43
Bosnia and Herzegovina_2014,2014,387,0.02897787144362487,1898,Bosnia and Herzegovina,42
Slovakia_2014,2014,421,0.04318062137967351,1899,Slovakia,41
Belize_2014,2014,501,0.03128834355828221,1630,Belize,35
Guatemala_2014,2014,502,0.09403437815975733,1978,Guatemala,34
El Salvador_2014,2014,503,0.09388646288209607,1832,El Salvador,35
Costa Rica_2014,2014,506,0.037961518460738426,1923,Costa Rica,37
Panama_2014,2014,507,0.04153354632587859,1878,Panama,37
Bolivia_2014,2014,591,0.09572649572649573,2340,Bolivia,34
Ecuador_2014,2014,593,0.10401891252955082,1692,Ecuador,36
Suriname_2014,2014,597,0.002356637863315004,1273,Suriname,37
Uruguay_2014,2014,598,0.05870712401055409,1516,Uruguay,39
Kazakhstan_2014,2014,701,0.06430379746835443,1975,Kazakhstan,38
Puerto Rico_2014,2014,787,0.011991657977059436,1918,Puerto Rico,42
Trinidad and Tobago_2014,2014,868,0.07496977025392987,1654,Trinidad and Tobago,39
Jamaica_2014,2014,876,0.1270197486535009,2228,Jamaica,37
Taiwan_2014,2014,886,0.04082687338501292,1935,Taiwan,42
Qatar_2014,2014,974,0.06240749876665022,4054,Qatar,34
Georgia_2014,2014,995,0.033523086654016446,1581,Georgia,41
United States_2015,2015,1,0.0428,2500,United States,42
Egypt_2015,2015,20,0.04206983592763988,2377,Egypt,34
South Africa_2015,2015,27,0.038623326959847035,2615,South Africa,34
Greece_2015,2015,30,0.028306742151312403,1943,Greece,43
Netherlands_2015,2015,31,0.03555045871559633,1744,Netherlands,43
Belgium_2015,2015,32,0.01842374616171955,1954,Belgium,43
Spain_2015,2015,34,0.03506465974136103,23585,Spain,42
Hungary_2015,2015,36,0.027589796980739198,1921,Hungary,41
Italy_2015,2015,39,0.016477857878475798,1942,Italy,43
Romania_2015,2015,40,0.051030927835051546,1940,Romania,41
Switzerland_2015,2015,41,0.02628696604600219,1826,Switzerland,43
United Kingdom_2015,2015,44,0.026954177897574125,7420,United Kingdom,42
Sweden_2015,2015,46,0.026758620689655174,3625,Sweden,42
Norway_2015,2015,47,0.03497942386831276,1944,Norway,42
Poland_2015,2015,48,0.03723986856516977,1826,Poland,41
Germany_2015,2015,49,0.021386031402273957,3694,Germany,45
Peru_2015,2015,51,0.050381679389312976,1965,Peru,37
Mexico_2015,2015,52,0.04360867558837102,4334,Mexico,37
Argentina_2015,2015,54,0.06126731011330256,2383,Argentina,38
Brazil_2015,2015,55,0.14753218884120173,1864,Brazil,38
Chile_2015,2015,56,0.09641125121241513,5155,Chile,40
Colombia_2015,2015,57,0.07647571968595522,3439,Colombia,38
Malaysia_2015,2015,60,0.02481121898597627,1854,Malaysia,38
Australia_2015,2015,61,0.05822328931572629,1666,Australia,41
Indonesia_2015,2015,62,0.13656550703182826,5404,Indonesia,38
Philippines_2015,2015,63,0.11416490486257928,1892,Philippines,35
Thailand_2015,2015,66,0.09525483304042179,2845,Thailand,41
South Korea_2015,2015,82,0.04381049414161997,1963,South Korea,42
Vietnam_2015,2015,84,0.12790697674418605,1806,Vietnam,37
China_2015,2015,86,0.06578134651019148,3238,China,41
India_2015,2015,91,0.033861447654551104,3219,India,37
Iran_2015,2015,98,0.05468215994531784,2926,Iran,35
Canada_2015,2015,101,0.04928057553956835,2780,Canada,42
Morocco_2015,2015,212,0.033766233766233764,1925,Morocco,37
Tunisia_2015,2015,216,0.0501583949313622,1894,Tunisia,38
Senegal_2015,2015,221,0.15950920245398773,2119,Senegal,33
Burkina Faso_2015,2015,226,0.12046291425565492,1901,Burkina Faso,32
Cameroon_2015,2015,237,0.10609585853885528,2149,Cameroon,32
Barbados_2015,2015,246,0.11323851203501094,1828,Barbados,42
Botswana_2015,2015,267,0.12352941176470589,2040,Botswana,35
Portugal_2015,2015,351,0.04304461942257218,1905,Portugal,42
Luxembourg_2015,2015,352,0.03004073319755601,1964,Luxembourg,41
Ireland_2015,2015,353,0.03158984981874676,1931,Ireland,40
Finland_2015,2015,358,0.02849740932642487,1930,Finland,43
Bulgaria_2015,2015,359,0.015455950540958269,1941,Bulgaria,42
Latvia_2015,2015,371,0.0609007164790174,1954,Latvia,43
Estonia_2015,2015,372,0.04757033248081841,1955,Estonia,42
Croatia_2015,2015,385,0.028361344537815126,1904,Croatia,43
Slovenia_2015,2015,386,0.0286152273888605,1957,Slovenia,43
Macedonia_2015,2015,389,0.030506721820062047,1934,Macedonia,40
Slovakia_2015,2015,421,0.03412616339193381,1934,Slovakia,41
Guatemala_2015,2015,502,0.07876370887337986,2006,Guatemala,34
Panama_2015,2015,507,0.07908704883227176,1884,Panama,38
Ecuador_2015,2015,593,0.10304709141274238,1805,Ecuador,36
Uruguay_2015,2015,598,0.04085365853658537,1640,Uruguay,39
Kazakhstan_2015,2015,701,0.032520325203252036,1968,Kazakhstan,38
Puerto Rico_2015,2015,787,0.02006335797254488,1894,Puerto Rico,42
Taiwan_2015,2015,886,0.048086866597724924,1934,Taiwan,42
Lebanon_2015,2015,961,0.20881971465629054,2313,Lebanon,37
Israel_2015,2015,972,0.038830055471507814,1983,Israel,38
United States_2016,2016,1,0.0380794701986755,2416,United States,42
Russia_2016,2016,7,0.03061754021795537,1927,Russia,41
Egypt_2016,2016,20,0.06956155143338955,2372,Egypt,34
South Africa_2016,2016,27,0.0273972602739726,2701,South Africa,34
Greece_2016,2016,30,0.026970954356846474,1928,Greece,43
Netherlands_2016,2016,31,0.05448354143019296,1762,Netherlands,44
France_2016,2016,33,0.024949426837491573,1483,France,43
Spain_2016,2016,34,0.02669800235017626,21275,Spain,42
Hungary_2016,2016,36,0.031664964249233915,1958,Hungary,42
Italy_2016,2016,39,0.018686868686868686,1980,Italy,44
Switzerland_2016,2016,41,0.030215827338129497,2780,Switzerland,43
Austria_2016,2016,43,0.037096774193548385,4340,Austria,43
United Kingdom_2016,2016,44,0.03470111448834853,7896,United Kingdom,42
Sweden_2016,2016,46,0.019439044709802834,3601,Sweden,42
Poland_2016,2016,48,0.06145966709346991,1562,Poland,41
Germany_2016,2016,49,0.02141723955579059,3782,Germany,45
Peru_2016,2016,51,0.06144393241167435,1953,Peru,37
Mexico_2016,2016,52,0.03254067584480601,4794,Mexico,37
Argentina_2016,2016,54,0.061635220125786164,1590,Argentina,38
Brazil_2016,2016,55,0.14006342494714588,1892,Brazil,38
Chile_2016,2016,56,0.0985802303777123,7466,Chile,40
Colombia_2016,2016,57,0.10897768552153607,1927,Colombia,38
Malaysia_2016,2016,60,0.03133903133903134,1755,Malaysia,38
Australia_2016,2016,61,0.059973045822102423,1484,Australia,41
Indonesia_2016,2016,62,0.10141800246609124,3244,Indonesia,38
Thailand_2016,2016,66,0.128515625,2560,Thailand,41
South Korea_2016,2016,82,0.031218014329580348,1954,South Korea,43
China_2016,2016,86,0.056199821587867974,3363,China,41
Turkey_2016,2016,90,0.08152994464016104,1987,Turkey,38
India_2016,2016,91,0.08599813722446445,3221,India,37
Iran_2016,2016,98,0.06516044531761624,3054,Iran,35
Canada_2016,2016,101,0.06985074626865671,1675,Canada,42
Morocco_2016,2016,212,0.04809286898839138,1809,Morocco,37
Burkina Faso_2016,2016,226,0.14157894736842105,1900,Burkina Faso,32
Cameroon_2016,2016,237,0.11341632088520055,2169,Cameroon,33
Portugal_2016,2016,351,0.037667698658410735,1938,Portugal,42
Luxembourg_2016,2016,352,0.027961362480935434,1967,Luxembourg,41
Ireland_2016,2016,353,0.0421875,1920,Ireland,40
Cyprus_2016,2016,357,0.04500775995861355,1933,Cyprus,39
Finland_2016,2016,358,0.027151639344262294,1952,Finland,42
Bulgaria_2016,2016,359,0.022291342664593053,1929,Bulgaria,42
Latvia_2016,2016,371,0.041379310344827586,1595,Latvia,43
Estonia_2016,2016,372,0.04720369420215495,1949,Estonia,42
Croatia_2016,2016,385,0.02650727650727651,1924,Croatia,43
Slovenia_2016,2016,386,0.030592734225621414,1569,Slovenia,43
Macedonia_2016,2016,389,0.028985507246376812,1932,Macedonia,40
Slovakia_2016,2016,421,0.03282959874934862,1919,Slovakia,41
Belize_2016,2016,501,0.111977971546581,2179,Belize,35
Guatemala_2016,2016,502,0.08855721393034825,2010,Guatemala,34
El Salvador_2016,2016,503,0.07326007326007326,1638,El Salvador,35
Panama_2016,2016,507,0.04707112970711297,1912,Panama,38
Ecuador_2016,2016,593,0.11253644314868805,1715,Ecuador,36
Uruguay_2016,2016,598,0.042483660130718956,1530,Uruguay,39
Kazakhstan_2016,2016,701,0.02917093142272262,1954,Kazakhstan,38
Puerto Rico_2016,2016,787,0.020483193277310924,1904,Puerto Rico,42
Hong Kong_2016,2016,852,0.05890909090909091,1375,Hong Kong,44
Jamaica_2016,2016,876,0.059726962457337884,1758,Jamaica,38
Taiwan_2016,2016,886,0.04832904884318766,1945,Taiwan,42
Lebanon_2016,2016,961,0.13732993197278912,2352,Lebanon,37
Jordan_2016,2016,962,0.04519774011299435,1770,Jordan,34
Saudi Arabia_2016,2016,966,0.07486493439670697,3887,Saudi Arabia,36
United Arab Emirates_2016,2016,971,0.045147898287493514,1927,United Arab Emirates,38
Israel_2016,2016,972,0.04399671052631579,2432,Israel,38
Qatar_2016,2016,974,0.032827391457818565,2833,Qatar,35
Georgia_2016,2016,995,0.042791310072416065,1519,Georgia,41
