id,cpl,betw_mean,betw_max,part_mean,d_gender
4,0.09898727131179821,0.08654970760233918,0.7894736842105263,0.46219773500699735,1
6,0.0405136567133723,0.06241765480895916,0.8893280632411067,0.4975719206866726,1
7,0.06077048507005845,0.14285714285714285,0.7307692307692307,0.48855053355429273,1
9,0.0405136567133723,0.068671679197995,0.8526315789473684,0.6330070183887541,1
10,0.1925363087112108,0.08876811594202898,0.7786561264822134,0.6472413034364827,1
11,0.0405136567133723,0.09774436090225565,0.8526315789473684,0.6211045452327996,1
14,0.06077048507005845,0.08173913043478259,0.8152173913043478,0.4805277246811077,1
15,0.1644780926265252,0.1005952380952381,0.9047619047619049,0.4050951344958932,1
16,0.056889087102317513,0.06929824561403508,0.9766081871345029,0.6460372442077988,1
17,0.0405136567133723,0.05555555555555555,1.0,0.442290051191947,1
18,0.056889087102317513,0.09558823529411764,0.8897058823529411,0.6484966941154755,1
21,0.0405136567133723,0.06041784302653867,0.9090909090909091,0.6258060677245172,
24,0.0405136567133723,0.05,1.0,0.49994319319190333,1
26,0.0405136567133723,0.08538011695906432,0.9122807017543859,0.4751386656153116,1
27,0.0405136567133723,0.07761437908496732,0.9485294117647058,0.4727389282708764,1
28,0.06077048507005845,0.10743464052287581,0.7352941176470588,0.495768729842581,
29,0.0405136567133723,0.07739938080495357,0.7647058823529412,0.6440780896238788,1
30,0.0405136567133723,0.05263157894736842,1.0,0.49321640162084607,0
31,0.0405136567133723,0.06699346405228758,0.9779411764705882,0.4742033257914443,1
33,0.06077048507005845,0.09072681704260652,0.7157894736842105,0.4304572281730977,0
34,0.1280338788930241,0.0625,1.0,0.08525869261908162,1
37,0.0405136567133723,0.05782051282051282,0.8766666666666667,0.6566082112929941,1
38,0.06077048507005845,0.10334967320261439,0.7941176470588235,0.4947111241985957,1
39,0.1797973465238472,0.10595238095238096,0.7333333333333334,0.4622131184788315,1
40,0.09898727131179821,0.10490196078431371,0.875,0.4991250220051771,1
41,0.06077048507005845,0.08220551378446116,0.763157894736842,0.47270194839874113,1
42,0.0405136567133723,0.06666666666666667,1.0,0.40432634251076544,1
43,0.0405136567133723,0.07142857142857142,1.0,0.0,0
44,0.0405136567133723,0.06568627450980392,0.9916666666666667,0.4863808113911822,1
47,0.0405136567133723,0.05555555555555555,1.0,0.6291117647549762,1
48,0.06077048507005845,0.08822055137844612,0.7999999999999999,0.45590649123114807,1
51,0.0405136567133723,0.05263157894736842,1.0,0.47974844496126134,1
52,0.0405136567133723,0.14452214452214454,0.7727272727272727,0.4936262143148551,1
53,0.0405136567133723,0.07692307692307693,1.0,0.307906623234379,1
54,0.23732836517382455,0.0625,1.0,0.11687694618677344,0
55,0.0405136567133723,0.09157509157509157,0.9560439560439561,0.47138490505474273,1
56,0.0405136567133723,0.07961603613777526,0.8441558441558441,0.5831117913101744,0
57,0.056889087102317513,0.07156862745098039,0.975,0.35768337365058644,1
58,0.0405136567133723,0.08974358974358974,0.9615384615384615,0.6393537540244709,1
59,0.0405136567133723,0.058823529411764705,1.0,0.4764678632470325,1
63,0.0405136567133723,0.06341991341991343,0.9476190476190477,0.49398971145206827,1
65,0.17013206310250478,0.09642857142857143,0.942857142857143,0.4994454537407638,1
66,0.11703011063607766,0.0979020979020979,0.9545454545454546,0.0,1
71,0.0405136567133723,0.13752913752913754,0.8484848484848485,0.4808744939121445,1
72,0.07179611767803681,0.10036630036630037,0.9560439560439561,0.6237180079301569,1
73,0.06077048507005845,0.1411764705882353,0.7666666666666666,0.49672306606958383,1
74,0.0405136567133723,0.06666666666666667,1.0,0.3868940695489552,1
75,0.0405136567133723,0.06363636363636364,0.9000000000000001,0.482863628932552,1
76,0.0405136567133723,0.07692307692307693,1.0,0.39255642630107745,1
77,0.0405136567133723,0.07148692810457516,0.9558823529411764,0.6575704756566059,1
78,0.0405136567133723,0.05566534914361001,0.9407114624505928,0.49260864229086965,1
79,0.5050784219920159,0.1,1.0,0.22090232529956738,0
80,0.056889087102317513,0.07023809523809524,0.9904761904761905,0.4670959659216342,
81,0.0405136567133723,0.08333333333333333,0.95,0.4842046219410898,0
82,0.0405136567133723,0.0625,1.0,0.43890165592645464,0
83,0.2628828051836772,0.11355311355311357,0.8076923076923077,0.11170872082406694,1
84,0.06077048507005845,0.10285517715858272,0.869281045751634,0.6278108877835213,1
85,0.0405136567133723,0.08169934640522875,0.7352941176470588,0.410432869598013,1
86,0.0405136567133723,0.043478260869565216,1.0,0.39905571112757504,1
89,0.0405136567133723,0.07533539731682147,0.8627450980392157,0.0,1
91,0.07326451749126273,0.12377450980392155,0.7352941176470588,0.6560281669975412,1
92,0.4903157411847285,0.12087912087912088,0.8461538461538461,0.1354849544482616,1
93,0.0405136567133723,0.07987012987012988,0.9000000000000001,0.6322369818460204,1
94,0.0405136567133723,0.10164835164835163,0.9615384615384615,0.590165601051433,0
95,0.0405136567133723,0.05263157894736842,1.0,0.2860793300692384,1
96,0.0405136567133723,0.0670995670995671,0.7380952380952381,0.47717763471334607,1
97,0.13875533880598973,0.08741830065359477,0.7867647058823529,0.6389581341465684,
103,0.0405136567133723,0.07023809523809524,0.9904761904761905,0.6575298255547003,1
104,0.0405136567133723,0.06967418546365915,0.9157894736842105,0.47692493864182794,1
106,0.056889087102317513,0.08771929824561404,0.9019607843137255,0.4917270196212248,0
107,0.06077048507005845,0.10285517715858274,0.9150326797385622,0.5493029025107322,1
108,0.0405136567133723,0.10866013071895425,0.9264705882352942,0.4801939566959285,1
109,0.0405136567133723,0.07692307692307693,1.0,0.3347369701657279,1
118,0.056889087102317513,0.0815018315018315,0.9871794871794871,0.4692955001909823,1
119,0.0405136567133723,0.07692307692307693,1.0,0.49174731733004623,1
120,0.0405136567133723,0.05497076023391813,0.9941520467836257,0.3841689198562774,1
121,0.0405136567133723,0.08333333333333333,1.0,0.3047785835189632,1
122,0.0405136567133723,0.06666666666666667,1.0,0.47550012675628045,1
123,0.2031063957185554,0.1111111111111111,1.0,0.4456253397853902,1
124,0.0405136567133723,0.06666666666666667,1.0,0.49172573271061193,0
125,0.0405136567133723,0.058135534915720675,0.9934640522875817,0.48282213140060254,1
126,0.14411280340226187,0.08152734778121776,0.9215686274509804,0.6533854708565634,1
127,0.11703011063607766,0.08333333333333333,1.0,0.0,1
128,0.0405136567133723,0.10023310023310025,0.9696969696969697,0.49999992951983185,0
129,0.4990463662396907,0.0892156862745098,0.95,0.18911094877729434,1
130,0.07714591545900366,0.1131578947368421,0.7485380116959064,0.7236267959321624,1
131,0.0405136567133723,0.07692307692307693,1.0,0.0,0
132,0.0405136567133723,0.07692307692307693,1.0,0.49451065811190514,1
133,0.06077048507005845,0.10253267973856209,0.8455882352941176,0.48461901400004903,1
134,0.056889087102317513,0.0781954887218045,0.8105263157894737,0.6581695112578145,1
135,0.07179611767803681,0.058135534915720675,0.9934640522875817,0.4355159464888414,1
136,0.0405136567133723,0.10147918816649468,0.7647058823529412,0.48104397448400643,1
137,0.0405136567133723,0.06315789473684211,0.9649122807017543,0.0,1
138,0.0405136567133723,0.06418219461697723,0.7619047619047619,0.602079014409881,1
146,0.0405136567133723,0.08333333333333333,1.0,0.4433303578634949,0
147,0.06077048507005845,0.0912280701754386,0.7105263157894737,0.6549782612462742,1
148,0.0810273134267446,0.10692307692307693,0.6866666666666668,0.6083780760243928,1
149,0.0405136567133723,0.05555555555555555,1.0,0.4813591041009702,1
150,0.0405136567133723,0.05555555555555555,1.0,0.3998517981898513,1
155,0.0405136567133723,0.0784313725490196,0.9558823529411764,0.6414832351568845,0
156,0.2747404559378416,0.0979020979020979,0.9545454545454546,0.13727478081070696,1
157,0.18994095391944746,0.07142857142857142,1.0,0.23497060570396502,1
158,0.0405136567133723,0.06699346405228758,0.9779411764705882,0.48690697419605383,1
159,0.10600447802809931,0.08006535947712418,0.8455882352941176,0.4826218917265145,1
160,0.0810273134267446,0.1137844611528822,0.7052631578947368,0.6470505989372831,1
161,0.0405136567133723,0.0803921568627451,0.9166666666666666,0.49394375061920526,1
162,0.12741880883751486,0.08857808857808859,0.9848484848484849,0.4008288421974842,1
163,0.09898727131179821,0.06666666666666667,1.0,0.0,1
165,0.0405136567133723,0.11188811188811189,0.7727272727272727,0.4394219685788267,1
166,0.0405136567133723,0.08290333677330582,0.954248366013072,0.4884102179955452,1
167,0.09205294603472297,0.07641025641025642,0.78,0.4732320275992684,1
173,0.06077048507005845,0.09273182957393485,0.7947368421052632,0.634623043026874,
193,0.15689244146211972,0.09090909090909091,1.0,0.0,1
198,0.0405136567133723,0.10375816993464053,0.8897058823529411,0.4374452891393813,1
200,0.0405136567133723,0.07258341933264534,0.954248366013072,0.0,1
202,0.06077048507005845,0.12380952380952381,0.8901098901098902,0.4321478408709068,1
203,0.0405136567133723,0.0815018315018315,0.9871794871794871,0.48736457259164767,1
205,0.3229288768294618,0.09090909090909091,1.0,0.0,1
206,0.06628330137404763,0.10980392156862744,0.825,0.4724201693754858,0
207,0.0405136567133723,0.06949934123847167,0.9367588932806323,0.7107378784678413,0
208,0.07179611767803681,0.10183150183150186,0.8791208791208792,0.4277114291573452,1
209,0.2118717380278795,0.13333333333333333,0.7,0.44323415196194893,1
210,0.0405136567133723,0.07719298245614034,0.9631578947368421,0.4838929795021737,1
211,0.056889087102317513,0.07312091503267974,0.9779411764705882,0.4752532852537436,1
213,0.3577331746501259,0.10707070707070708,0.9777777777777779,0.179967673908779,1
214,0.0405136567133723,0.1111111111111111,1.0,0.4898169414889747,1
215,0.056889087102317513,0.09090909090909091,1.0,0.40716881812820327,1
217,0.09352134584794888,0.08424908424908424,0.9780219780219781,0.658688220151751,1
218,0.0405136567133723,0.15555555555555556,0.8,0.0,1
219,0.0405136567133723,0.08452380952380953,0.961904761904762,0.4834917805911862,1
221,0.0405136567133723,0.06699346405228758,0.9779411764705882,0.48349526284094885,1
222,0.11703011063607766,0.058823529411764705,1.0,0.48713154709281703,1
224,0.07179611767803681,0.11188811188811189,0.7727272727272727,0.49607714378921014,1
225,0.09740274381568981,0.15659340659340656,0.6923076923076923,0.48106075320566444,1
226,0.05064207089171538,0.11964285714285716,0.6571428571428573,0.42144568165376334,1
227,0.25638827050066937,0.11188811188811189,0.7727272727272727,0.12287299716876175,1
228,0.27792359760993496,0.07692307692307693,1.0,0.49802530026562414,1
229,0.11536270170074342,0.08214285714285716,0.942857142857143,0.0,1
230,0.13330058634344177,0.08857808857808859,0.9848484848484849,0.3939216815835031,0
231,0.0405136567133723,0.06699346405228758,0.9779411764705882,0.4993086548799745,1
232,0.06077048507005845,0.07623188405797102,0.7608695652173914,0.6382202064783093,0
233,0.10600447802809931,0.09304029304029306,0.8901098901098902,0.47871895734015907,1
234,0.056889087102317513,0.09109477124183006,0.9264705882352942,0.47017658391691813,0
235,0.06077048507005845,0.0915032679738562,0.8455882352941176,0.4884282034576615,1
236,0.06077048507005845,0.13970588235294118,0.6470588235294118,0.6070009461448753,1
237,0.08978658410718737,0.07156862745098039,0.975,0.0,1
238,0.06077048507005845,0.09184726522187822,0.7254901960784313,0.4860929892413723,1
239,0.06077048507005845,0.15606060606060604,0.8363636363636363,0.47435976556559006,1
240,0.06077048507005845,0.12820512820512822,0.7032967032967034,0.4816761370060646,1
241,0.0405136567133723,0.07797619047619048,0.980952380952381,0.4744738204466294,1
243,0.0405136567133723,0.14452214452214454,0.7727272727272727,0.4941488986286247,1
244,0.09898727131179821,0.06168831168831169,0.9285714285714286,0.6531791750427993,1
245,0.0405136567133723,0.07946336429308565,0.9607843137254902,0.4303350249531847,0
246,0.0405136567133723,0.07692307692307693,1.0,0.35985740385116083,1
247,0.30812725122364715,0.08864468864468865,0.9340659340659342,0.13399017558593915,1
248,0.10212308006035836,0.0625,1.0,0.08322392640050064,1
249,0.0405136567133723,0.07647058823529411,0.95,0.47939466841487893,1
250,0.10128414178343076,0.12531328320802007,0.7157894736842105,0.6493213189159739,1
251,0.09205294603472297,0.09313725490196079,0.7666666666666666,0.49631447310471494,1
252,0.0405136567133723,0.08529411764705883,0.825,0.4934680385747308,1
254,0.0405136567133723,0.05964912280701754,0.968421052631579,0.4741337319255698,1
255,0.056889087102317513,0.058135534915720675,0.9934640522875817,0.5540319363441524,0
256,0.05064207089171538,0.08057971014492754,0.8369565217391305,0.5958892299314495,1
257,0.0405136567133723,0.07105263157894737,0.8771929824561403,0.4449946126623448,1
258,0.07326451749126273,0.06666666666666667,1.0,0.49638773069599973,1
259,0.0405136567133723,0.0803921568627451,0.9166666666666666,0.4995410967449818,0
260,0.0405136567133723,0.06699346405228758,0.9779411764705882,0.49274785027062684,1
261,0.0405136567133723,0.10955710955710957,0.9393939393939394,0.36124246682305794,1
262,0.0405136567133723,0.09597523219814243,0.8627450980392157,0.6408338785007135,1
263,0.1941208362073192,0.07142857142857142,1.0,0.49681416152444363,1
264,0.0405136567133723,0.0625,1.0,0.38142493217683443,1
265,0.2712942770896756,0.0625,1.0,0.42105988118230625,1
266,0.251855767180714,0.09467344249952946,0.7532467532467533,0.485838049776979,1
267,0.056889087102317513,0.06416040100250626,0.968421052631579,0.4899023165445344,1
268,0.0405136567133723,0.08214285714285716,0.942857142857143,0.48557965385095886,0
270,0.0405136567133723,0.06666666666666667,1.0,0.4471961446902021,1
271,0.0405136567133723,0.06568627450980392,0.9916666666666667,0.6335771709117582,1
272,0.0405136567133723,0.06812865497076023,0.9590643274853801,0.4773749691063627,1
273,0.0405136567133723,0.050630528891398456,0.987012987012987,0.6094521926241652,0
274,0.06077048507005845,0.07551282051282052,0.8466666666666667,0.49977430940237627,1
275,0.06077048507005845,0.11936704506363949,0.8104575163398693,0.5984595141407393,0
277,0.0405136567133723,0.0812908496732026,0.7941176470588235,0.4919273798126822,0
278,0.0405136567133723,0.0815018315018315,0.9871794871794871,0.4819822563490662,1
279,0.07714591545900366,0.0824561403508772,0.8362573099415205,0.5956552926930726,0
280,0.056889087102317513,0.06900584795321638,0.9122807017543859,0.4721141433909482,1
282,0.0405136567133723,0.0979020979020979,0.9545454545454546,0.0,1
283,0.0405136567133723,0.10490196078431371,0.825,0.6258784188094574,1
284,0.0405136567133723,0.07156862745098039,0.975,0.4435655163782262,1
285,0.19474048281318818,0.059941520467836254,0.9883040935672514,0.2191969333688259,1
286,0.09898727131179821,0.10955710955710957,0.9545454545454546,0.4784053717854851,0
287,0.0405136567133723,0.07148692810457516,0.9558823529411764,0.6167221545382585,0
288,0.06077048507005845,0.10350877192982455,0.8187134502923976,0.6608509687162708,1
289,0.0405136567133723,0.08857808857808859,0.9848484848484849,0.0,1
290,0.0405136567133723,0.06028985507246377,0.9601449275362319,0.48548849734398114,1
291,0.06077048507005845,0.08057971014492754,0.8115942028985508,0.6555710209514871,1
292,0.0405136567133723,0.04,1.0,0.46281665557414253,1
293,0.07179611767803681,0.07802287581699346,0.8897058823529411,0.6486765451271697,1
298,0.0405136567133723,0.1106060606060606,0.9636363636363636,0.4726805265496675,
300,0.0405136567133723,0.1349206349206349,0.9642857142857142,0.0,
301,0.06077048507005845,0.11519607843137256,0.6838235294117647,0.5896260116188515,
302,0.0405136567133723,0.09322325421396628,0.8627450980392157,0.4848864626092474,
307,0.06077048507005845,0.10521362695275738,0.7575757575757576,0.49861600139363826,
308,0.07179611767803681,0.06666666666666667,1.0,0.4879353190601735,
309,0.09898727131179821,0.06781045751633986,0.9852941176470588,0.4907549531756694,
310,0.0405136567133723,0.08496732026143791,0.8954248366013072,0.4171313250214408,
311,0.0810273134267446,0.14134199134199135,0.6857142857142857,0.6209079860691749,0
312,0.06077048507005845,0.07328722002635045,0.7826086956521738,0.6608164315053161,1
313,0.0405136567133723,0.09880952380952382,0.7904761904761906,0.48718418408684555,1
314,0.06077048507005845,0.0735930735930736,0.9177489177489178,0.6296660972982703,0
315,0.06077048507005845,0.0922077922077922,0.7285714285714286,0.4955970299945044,0
317,0.0405136567133723,0.07516339869281047,0.9264705882352942,0.47365051749257553,1
318,0.0405136567133723,0.06295149638802891,0.9803921568627452,0.6336070024623663,1
319,0.056889087102317513,0.10757575757575759,0.9454545454545454,0.49871457892363114,1
320,0.0405136567133723,0.0606516290726817,0.9789473684210526,0.4810254997208099,1
321,0.056889087102317513,0.07251461988304093,0.9473684210526315,0.7354310160984201,1
322,0.09740274381568981,0.11070261437908496,0.6838235294117647,0.6620150631778202,0
324,0.0405136567133723,0.08333333333333333,1.0,0.4230412961393492,0
325,0.0405136567133723,0.047619047619047616,1.0,0.48978673938962514,1
327,0.06077048507005845,0.08831168831168833,0.9000000000000001,0.6119954256167128,1
328,0.06077048507005845,0.11785714285714287,0.6571428571428573,0.482490711206729,1
329,0.0405136567133723,0.058823529411764705,1.0,0.49771104274480804,1
331,0.0405136567133723,0.08333333333333333,0.95,0.4678131732512213,1
332,0.2663015719399837,0.07023809523809524,0.9904761904761905,0.11097333500769153,1
333,0.0405136567133723,0.09107142857142858,0.8,0.0,0
334,0.3382562196450124,0.07678571428571429,0.9714285714285715,0.4360404198199591,1
335,0.08574764967141316,0.08278388278388278,0.9670329670329672,0.5948402876980791,0
336,0.0405136567133723,0.043478260869565216,1.0,0.49102828748435934,1
337,0.0405136567133723,0.05614035087719298,0.9842105263157894,0.6391172679061623,1
338,0.07714591545900366,0.1595959595959596,0.7777777777777778,0.4919712487876673,1
340,0.06077048507005845,0.07905669599217985,0.7237903225806451,0.642433535465365,1
341,0.0405136567133723,0.045454545454545456,1.0,0.4867126018238338,1
342,0.0405136567133723,0.07761437908496732,0.9485294117647058,0.573128246182818,1
343,0.06077048507005845,0.12234432234432235,0.7252747252747254,0.4744028288323836,0
344,0.06077048507005845,0.06507122507122506,0.7415384615384616,0.48449434635503597,1
345,0.06077048507005845,0.07811029550159986,0.935064935064935,0.6326416234787687,1
346,0.5327711296843118,0.0815018315018315,0.9871794871794871,0.16339196995292507,1
347,0.0405136567133723,0.07309941520467836,0.9532163742690059,0.584369990783806,1
348,0.08817154806698202,0.0625,1.0,0.4636583930818755,1
349,0.06077048507005845,0.10784313725490195,0.7666666666666666,0.5688712374569498,0
350,0.0405136567133723,0.06568627450980392,0.9916666666666667,0.4757274311924543,1
351,0.1574608859102241,0.10897797854319594,0.7619047619047619,0.45606727764739025,1
352,0.1574608859102241,0.10897797854319594,0.7619047619047619,0.45606727764739025,1
353,0.06077048507005845,0.10702614379084967,0.7132352941176471,0.4830683727083084,0
354,0.14708255844336193,0.12380952380952381,0.6947368421052631,0.4863047695087652,1
355,0.06077048507005845,0.17124542124542125,0.8461538461538461,0.3205048907684117,1
356,0.05064207089171538,0.09239766081871345,0.7894736842105263,0.6306189862417404,1
357,0.06077048507005845,0.06782051282051282,0.7566666666666667,0.6283523024081622,0
358,0.0405136567133723,0.05263157894736842,1.0,0.0,1
359,0.056889087102317513,0.06929824561403508,0.9707602339181286,0.5663268842393183,0
361,0.0405136567133723,0.061683006535947715,0.9926470588235294,0.0,1
362,0.06077048507005845,0.10702614379084968,0.7132352941176471,0.4958938236032814,0
363,0.0405136567133723,0.07843137254901962,0.9666666666666667,0.4112837620721079,1
364,0.06077048507005845,0.08020050125313283,0.9210526315789473,0.599315442715642,0
365,0.0405136567133723,0.08070175438596491,0.9181286549707601,0.4815214491011911,0
366,0.08574764967141316,0.06845545235638115,0.9738562091503268,0.4551114346041199,1
367,0.0405136567133723,0.06716791979949874,0.9421052631578947,0.6307084786808085,1
368,0.2523763352269023,0.07148692810457516,0.9558823529411764,0.09765237407850857,0
369,0.0405136567133723,0.043478260869565216,1.0,0.48507320210194527,0
370,0.06077048507005845,0.10281385281385282,0.8523809523809525,0.6542531642445208,1
371,0.06077048507005845,0.09437229437229436,0.7380952380952381,0.5943642488570834,1
373,0.11230977439140911,0.16117216117216113,0.7692307692307692,0.6604918686050846,1
374,0.0405136567133723,0.05649350649350649,0.9714285714285715,0.6580195948343335,1
376,0.0405136567133723,0.07134502923976607,0.935672514619883,0.49433107233241536,1
378,0.0405136567133723,0.0815018315018315,0.9871794871794871,0.45286519245981083,0
379,0.08817154806698202,0.10446075663466968,0.7142857142857143,0.3830767313739807,1
380,0.0405136567133723,0.09502923976608187,0.871345029239766,0.6476962355223,0
381,0.0405136567133723,0.058823529411764705,1.0,0.0,0
382,0.0405136567133723,0.08471177944862156,0.9157894736842105,0.4673902371616888,1
383,0.05064207089171538,0.08216374269005848,0.8771929824561403,0.4875276411993714,1
384,0.06077048507005845,0.09624060150375938,0.7105263157894737,0.6561062205519689,1
386,0.056889087102317513,0.04956709956709957,0.9952380952380954,0.6595201979016698,1
387,0.12385597504557572,0.1454248366013072,0.6838235294117647,0.6309570677494614,1
389,0.056889087102317513,0.09901960784313725,0.7666666666666666,0.6613571556594952,1
390,0.0810273134267446,0.08488612836438925,0.8354978354978355,0.5715914308893991,1
391,0.0405136567133723,0.09166666666666667,0.7333333333333334,0.49806707226942726,1
392,0.0405136567133723,0.07034632034632035,0.8285714285714286,0.4930934002441969,1
393,0.06077048507005845,0.1382783882783883,0.717948717948718,0.48145216454155587,0
394,0.0405136567133723,0.07468671679197995,0.7578947368421053,0.4987539012423709,1
396,0.1302697322764627,0.10371794871794872,0.7300000000000001,0.723179822266075,0
398,0.07179611767803681,0.09101449275362321,0.9021739130434783,0.7335269962518493,1
399,0.0405136567133723,0.0784313725490196,0.9558823529411764,0.6450621019849914,1
400,0.065490821314727,0.08006535947712418,0.8455882352941176,0.61110936937233,0
401,0.0405136567133723,0.05364201016374929,0.974025974025974,0.6555443411148477,1
402,0.09352134584794888,0.08741830065359477,0.7941176470588235,0.48387255987820565,1
403,0.0405136567133723,0.05555555555555555,1.0,0.40877660844454566,1
404,0.0405136567133723,0.045454545454545456,1.0,0.49676162325413414,1
405,0.07326451749126273,0.07304347826086956,0.8369565217391305,0.656337344333023,1
406,0.056889087102317513,0.06757011104837192,0.948051948051948,0.5926065149809755,0
410,0.06077048507005845,0.08728590250329381,0.7786561264822134,0.49488369478437794,1
411,0.0405136567133723,0.06606437041219651,0.9264069264069265,0.6520728569530192,1
412,0.0810273134267446,0.13929738562091504,0.7279411764705882,0.6468902862149893,1
413,0.0405136567133723,0.07023809523809524,0.9904761904761905,0.49289185178326334,1
414,0.07326451749126273,0.09607843137254901,0.875,0.49051655805618355,1
415,0.0405136567133723,0.06159420289855072,0.7391304347826086,0.4965910814059205,1
416,0.056889087102317513,0.07900432900432902,0.9380952380952382,0.6510039705733076,1
417,0.06077048507005845,0.08225108225108226,0.7380952380952381,0.4940989823661856,0
418,0.06077048507005845,0.10102564102564102,0.7566666666666667,0.6543402174997439,1
419,0.06077048507005845,0.12968696250429998,0.7581699346405228,0.607358272877949,0
420,0.06077048507005845,0.16176470588235295,0.6333333333333333,0.3834827152406998,1
422,0.20555617304178783,0.07142857142857142,1.0,0.14720305297735353,1
423,0.0405136567133723,0.07023809523809524,0.9904761904761905,0.4932255317726883,1
426,0.0405136567133723,0.11969696969696969,0.8181818181818181,0.49413531639987185,0
428,0.0405136567133723,0.043478260869565216,1.0,0.4988079031536247,0
429,0.0405136567133723,0.058135534915720675,0.9934640522875817,0.4880147124334698,1
430,0.06077048507005845,0.10702614379084967,0.8823529411764706,0.4891042182064737,0
431,0.15689244146211972,0.07545787545787545,0.989010989010989,0.09968157876603448,1
432,0.10600447802809931,0.1120879120879121,0.8351648351648352,0.5992603870391152,1
434,0.1302697322764627,0.09109477124183006,0.8823529411764706,0.4909479444215862,1
435,0.0405136567133723,0.07761437908496732,0.9558823529411764,0.4883455894889,1
437,0.06077048507005845,0.09391124871001033,0.7647058823529412,0.48206224771537964,1
438,0.0405136567133723,0.07142857142857142,1.0,0.4700197655872861,1
439,0.06077048507005845,0.10702614379084967,0.7867647058823529,0.4999705186955007,1
440,0.0405136567133723,0.07671138630890954,0.8169934640522876,0.622317738663356,1
442,0.0405136567133723,0.08278388278388278,0.9670329670329672,0.44690048127066395,1
443,0.0405136567133723,0.062417654808959146,0.8853754940711462,0.4893493470169427,1
444,0.11924409966848437,0.10909090909090911,0.6857142857142857,0.41295184166969984,1
445,0.0405136567133723,0.09981684981684981,0.9487179487179487,0.392209983995686,1
447,0.08817154806698202,0.1136904761904762,0.8952380952380953,0.4525931925985632,1
448,0.0405136567133723,0.05263157894736842,1.0,0.6978334564701191,0
449,0.09898727131179821,0.07671138630890954,0.8169934640522876,0.49292526892769434,1
450,0.06077048507005845,0.08922305764411027,0.8105263157894737,0.6555928822700812,1
451,0.6895725884431525,0.07545787545787545,0.989010989010989,0.16822763789696799,1
452,0.056889087102317513,0.09109477124183006,0.9264705882352942,0.4891112890864078,1
453,0.0405136567133723,0.07843137254901962,0.9666666666666667,0.41534304521269183,0
454,0.22122341488411196,0.07924836601307189,0.9705882352941176,0.4979949667969843,0
455,0.06077048507005845,0.093734335839599,0.8105263157894737,0.44980623398425934,1
458,0.0405136567133723,0.06666666666666667,1.0,0.488636308002688,1
459,0.0810273134267446,0.11166666666666666,0.6966666666666667,0.5761781572477835,0
460,0.0405136567133723,0.06516290726817042,0.9736842105263158,0.5531917786122821,1
461,0.14422126426983906,0.07761437908496732,0.9485294117647058,0.4460416086418886,1
462,0.0405136567133723,0.11944444444444444,0.9722222222222222,0.0,0
463,0.0405136567133723,0.09226190476190477,0.9523809523809524,0.4978701726953647,1
464,0.0405136567133723,0.08333333333333333,1.0,0.34987386176175983,0
465,0.056889087102317513,0.08333333333333333,1.0,0.0,1
466,0.12333540699938747,0.10147918816649466,0.7581699346405228,0.6361347368175001,1
467,0.07714591545900366,0.0892156862745098,0.95,0.4775018667663489,0
468,0.06077048507005845,0.10726817042606515,0.6842105263157895,0.4691769739717853,0
470,0.0810273134267446,0.1294934640522876,0.6470588235294118,0.599570904152036,0
471,0.0405136567133723,0.058823529411764705,1.0,0.31774705753722726,1
472,0.0405136567133723,0.05623188405797101,0.8985507246376812,0.4827167978977256,1
473,0.06077048507005845,0.06812865497076023,0.9590643274853801,0.61751535270631,1
474,0.0405136567133723,0.08619281045751634,0.8382352941176471,0.6659868575803056,1
475,0.07253031758464977,0.16550116550116553,0.7272727272727273,0.0,1
476,0.07179611767803681,0.05555555555555555,1.0,0.37026062354081324,1
477,0.2230321494422367,0.06568627450980392,0.9916666666666667,0.49684465824961477,0
478,0.0405136567133723,0.15873015873015872,0.7857142857142857,0.4770426329904439,1
479,0.5422899162810445,0.09090909090909091,1.0,0.22547517604543693,1
480,0.0405136567133723,0.07545787545787545,0.989010989010989,0.3068299024242749,1
481,0.21822735023406853,0.08333333333333333,0.9416666666666667,0.5219481451501979,1
482,0.0405136567133723,0.13939393939393938,0.8909090909090909,0.4728922866495997,1
483,0.130981642629454,0.058823529411764705,1.0,0.09331055214126743,0
484,0.0405136567133723,0.07924836601307189,0.9705882352941176,0.48439970521074427,1
485,0.0405136567133723,0.08333333333333333,1.0,0.0,1
486,0.1280338788930241,0.08129084967320262,0.9264705882352942,0.6525431908570555,1
487,0.0405136567133723,0.13131313131313133,0.7777777777777778,0.4934306315176399,1
488,0.15590404996557947,0.06699346405228758,0.9779411764705882,0.0,1
492,0.15590404996557944,0.08974358974358974,0.9615384615384615,0.4545600774642033,1
494,0.13484111208510724,0.14313725490196078,0.7666666666666666,0.3624566139737587,1
495,0.056889087102317513,0.08741830065359475,0.9191176470588235,0.444745458704185,1
496,0.05064207089171538,0.09239766081871345,0.7894736842105263,0.4887690540811696,1
498,0.5828976679312237,0.09696969696969697,0.9818181818181818,0.22745572221850427,1
499,0.06077048507005845,0.07547524938829285,0.9437229437229437,0.7182084630155142,1
501,0.26811624081308744,0.08333333333333333,1.0,0.171832094185723,0
502,0.09898727131179821,0.1,1.0,0.0,1
503,0.07179611767803681,0.15079365079365079,0.8928571428571428,0.4862657134631617,1
504,0.0405136567133723,0.061683006535947715,0.9926470588235294,0.4764935474950359,1
505,0.06077048507005845,0.10275689223057645,0.7105263157894737,0.4642920850683237,1
506,0.0405136567133723,0.07545787545787545,0.989010989010989,0.45465955505023475,1
507,0.0405136567133723,0.09615384615384615,0.923076923076923,0.48501315070453876,0
509,0.0405136567133723,0.06666666666666667,1.0,0.4011346110839614,1
512,0.14023140543452092,0.10010319917440662,0.7647058823529412,0.43847752006948976,1
514,0.0405136567133723,0.043478260869565216,1.0,0.49779725646533235,1
515,0.06077048507005845,0.14226190476190478,0.7047619047619048,0.47805585309940507,1
516,0.0405136567133723,0.09607843137254901,0.85,0.4867896174351838,0
518,0.08574764967141316,0.14226190476190476,0.7047619047619048,0.6331118006141584,1
521,0.06077048507005845,0.07014492753623189,0.7246376811594203,0.6876062103794031,0
522,0.35484989630461783,0.08333333333333333,1.0,0.18535824376894758,1
523,0.0405136567133723,0.2,1.0,0.0,1
528,0.056889087102317513,0.08292483660130719,0.9558823529411764,0.47762407899778325,0
529,0.9224538425477907,0.3333333333333333,0.6666666666666666,0.0,1
530,0.056889087102317513,0.07156862745098039,0.975,0.4902217929239643,1
531,0.07714591545900366,0.06699346405228758,0.9779411764705882,0.4972824421592457,1
532,0.0405136567133723,0.1,1.0,0.0,1
533,0.06077048507005845,0.1282051282051282,0.7692307692307693,0.5772014356459417,-1
534,0.19542158102912793,0.1349206349206349,0.9642857142857142,0.1674391235237947,0
535,0.02025682835668615,0.0,0.0,0.0,1
536,0.0405136567133723,0.06666666666666667,1.0,0.3978646651034108,1
540,0.0405136567133723,0.1,1.0,0.0,1
541,0.0405136567133723,0.06265664160401002,0.9473684210526315,0.6008389907157698,0
543,0.0405136567133723,0.13333333333333333,0.9166666666666666,0.42690967976190697,1
545,0.1060044780280993,0.09872721018231856,0.8954248366013072,0.47212856384961405,1
546,0.09898727131179821,0.0866013071895425,0.9264705882352942,0.4958207746282812,0
547,0.1280338788930241,0.10622710622710622,0.923076923076923,0.4962989568714937,1
548,0.0405136567133723,0.06900584795321638,0.9122807017543859,0.4621297366391968,1
549,0.0405136567133723,0.12083333333333335,0.8476190476190477,0.4871271850158104,1
550,0.08817154806698202,0.07692307692307691,0.76,0.6581708698351891,1
551,0.8152536305939116,0.24999999999999997,0.7142857142857142,0.4308839488689869,1
557,0.46109470664274677,0.15277777777777776,0.9166666666666666,0.19405153523321955,1
559,0.0405136567133723,0.16666666666666666,1.0,0.0,1
561,0.0405136567133723,0.11515151515151516,0.8909090909090909,0.3179688733564793,1
563,0.09352134584794888,0.07516339869281047,0.9264705882352942,0.4856735905764038,1
566,0.056889087102317513,0.08333333333333333,1.0,0.33025699389380386,1
570,0.10212308006035836,0.05555555555555555,1.0,0.4759462342450321,0
571,0.06077048507005845,0.11904761904761907,0.6761904761904762,0.7014486467451658,0
575,0.0405136567133723,0.10098039215686275,0.875,0.544530238909009,1
576,0.06077048507005845,0.1017156862745098,0.8602941176470588,0.6373258062851128,1
577,0.056889087102317513,0.0625,1.0,0.4660532445314275,1
579,0.06077048507005845,0.15476190476190477,0.7047619047619048,0.48640480092298616,1
581,0.07714591545900366,0.09444444444444444,0.6783625730994152,0.4564057388697702,1
584,0.056889087102317513,0.061683006535947715,0.9926470588235294,0.3383884188240763,1
585,0.0405136567133723,0.1349206349206349,0.9642857142857142,0.0,1
586,0.22750763149312475,0.125,1.0,0.0,0
588,0.18232958964400162,0.07142857142857142,1.0,0.1373487903922406,1
589,0.19231655140140277,0.06666666666666667,1.0,0.19314518461395283,1
590,0.08574764967141316,0.07843137254901962,0.975,0.652871199052753,1
592,0.07714591545900366,0.09304029304029306,0.8901098901098902,0.4563807020341039,1
593,0.10212308006035836,0.058823529411764705,1.0,0.42471470029144837,1
594,0.0405136567133723,0.0625,1.0,0.0,1
595,0.12385597504557572,0.1025326797385621,0.7352941176470588,0.447472104297913,1
596,0.8775204094944313,0.09981684981684982,0.9487179487179487,0.1923498381823588,0
597,0.0405136567133723,0.07156862745098039,0.975,0.45241040600441057,1
598,0.06077048507005845,0.06707946336429309,0.9607843137254902,0.6457393306441791,1
599,0.0405136567133723,0.07142857142857142,1.0,0.29588263188408026,1
600,0.551761102346666,0.16666666666666666,1.0,0.48295619404616197,1
601,0.1280338788930241,0.07692307692307693,1.0,0.0,1
602,0.09898727131179821,0.061683006535947715,0.9926470588235294,0.5303216767224092,1
605,0.3722559789970885,0.3333333333333333,1.0,0.0,1
608,0.06077048507005845,0.09253525971792226,0.7973856209150327,0.6536828759496407,0
609,0.06077048507005845,0.13137254901960785,0.775,0.48703668432528685,0
612,0.0405136567133723,0.11446886446886448,0.8846153846153846,0.0,1
613,0.11619640616841054,0.10489510489510491,0.9090909090909092,0.47816420773516194,1
614,0.0405136567133723,0.058135534915720675,0.9934640522875817,0.4815931970570244,1
615,0.09205294603472297,0.14166666666666666,0.8333333333333333,0.4920607334460166,1
616,0.16037075258743977,0.11078431372549019,0.7666666666666666,0.5064611100411215,1
617,0.07950608358133794,0.07692307692307693,1.0,0.0,0
618,0.5075499118247742,0.11944444444444444,0.9722222222222222,0.2128131068261638,1
620,0.0405136567133723,0.06568627450980392,0.9916666666666667,0.44239847207537153,1
624,0.0405136567133723,0.06716791979949874,0.8894736842105263,0.44140656198137773,1
625,0.0405136567133723,0.06568627450980392,0.9916666666666667,0.4780170468981071,1
626,0.0405136567133723,0.1111111111111111,1.0,0.0,1
628,0.07714591545900366,0.12673992673992673,0.7692307692307693,0.4958150044074067,1
630,0.0405136567133723,0.14285714285714285,1.0,0.4169229289728826,0
631,0.056889087102317513,0.06568627450980392,0.9916666666666667,0.4799953105421854,1
632,0.0405136567133723,0.07142857142857142,1.0,0.0,1
634,0.4009591891972271,0.09642857142857143,0.942857142857143,0.11986270146553922,1
635,0.3932103628257895,0.06568627450980392,0.9916666666666667,0.12389676449348201,1
636,0.0405136567133723,0.07023809523809524,0.9904761904761905,0.39962703282982653,1
637,0.0405136567133723,0.06637426900584795,0.9415204678362572,0.4975383971822783,1
638,0.15820108039971834,0.09157509157509157,0.9560439560439561,0.45792026999950686,1
639,0.0405136567133723,0.1349206349206349,0.9642857142857142,0.0,1
640,0.0405136567133723,0.07023809523809524,0.9904761904761905,0.4587736964077986,1
641,0.0405136567133723,0.08452380952380953,0.961904761904762,0.4015992418856118,-1
642,0.18074506214789324,0.10375816993464053,0.7941176470588235,0.4839621461515299,0
643,0.08574764967141316,0.1457875457875458,0.7032967032967034,0.33456993711135696,0
644,0.0405136567133723,0.059941520467836254,0.9883040935672514,0.32166496402524963,1
645,0.07179611767803681,0.13113553113553114,0.7142857142857143,0.37605544238178995,1
646,0.0405136567133723,0.07678571428571429,0.9714285714285715,0.44178679362291867,1
648,0.0405136567133723,0.06568627450980392,0.9916666666666667,0.4516120925050177,1
649,0.09740274381568981,0.12234432234432235,0.7252747252747254,0.28082007364578726,0
650,0.09898727131179821,0.12234432234432235,0.8351648351648352,0.49824958009256826,1
652,0.11539039325220715,0.14444444444444443,0.7222222222222222,0.0,0
653,0.07179611767803681,0.061683006535947715,0.9926470588235294,0.48279702924124357,1
654,0.0405136567133723,0.1130952380952381,0.8,0.48726458831139585,0
655,0.11703011063607766,0.125,1.0,0.0,1
656,0.0405136567133723,0.07692307692307693,1.0,0.0,1
657,0.06077048507005845,0.09824561403508772,0.7777777777777777,0.4970977255181366,1
658,0.0405136567133723,0.09157509157509157,0.9743589743589743,0.0,1
659,0.0405136567133723,0.06566416040100251,0.9789473684210526,0.4801359036605251,1
660,0.0405136567133723,0.14285714285714282,0.7948717948717948,0.4998364249618579,1
661,0.06077048507005845,0.13992673992673996,0.8131868131868133,0.49529345633427935,0
662,0.0405136567133723,0.05555555555555555,1.0,0.4948865314688201,1
663,0.07714591545900366,0.11520467836257309,0.7485380116959064,0.6095641086131253,0
664,0.0405136567133723,0.08333333333333333,1.0,0.47814765230803075,1
668,0.0405136567133723,0.0761904761904762,0.9315789473684211,0.4904414325297351,1
670,0.0405136567133723,0.1,1.0,0.4933086520415324,1
671,0.06077048507005845,0.13970588235294118,0.6838235294117647,0.6507805420539228,0
672,0.24183391744869104,0.12023809523809526,0.8761904761904763,0.49149012826672345,0
673,0.0405136567133723,0.05555555555555555,1.0,0.4919618050088121,1
674,0.2421884317874192,0.07468671679197995,0.763157894736842,0.4298161648851705,1
675,0.0405136567133723,0.10622710622710624,0.7692307692307693,0.4403136251133093,0
676,0.07714591545900366,0.08431372549019608,0.95,0.47816995027996345,1
677,0.546279298396414,0.13333333333333333,0.9166666666666666,0.22316855525213125,1
678,0.35877084072314536,0.09090909090909091,1.0,0.20750381753246816,1
679,0.23668643362616473,0.09743589743589745,0.9230769230769231,0.49214303170947143,1
682,0.0405136567133723,0.10098039215686273,0.875,0.4364553155802067,1
683,0.09898727131179821,0.09090909090909091,1.0,0.0,1
685,0.0405136567133723,0.06666666666666667,1.0,0.4323928759853128,1
686,0.0405136567133723,0.060935441370223976,0.8221343873517786,0.7316958607463819,1
687,0.0405136567133723,0.08170426065162907,0.8105263157894737,0.46262970342138254,1
689,0.11536270170074342,0.05555555555555555,1.0,0.4933882237639288,1
690,0.07326451749126273,0.06666666666666667,1.0,0.4916959125536127,1
698,0.0405136567133723,0.06699346405228758,0.9779411764705882,0.4846908232388857,1
702,0.0405136567133723,0.061683006535947715,0.9926470588235294,0.6434323975028268,1
706,0.0405136567133723,0.15476190476190477,0.9523809523809523,0.0,0
707,0.0405136567133723,0.051006964050442305,0.9913419913419913,0.4697802041942737,0
709,0.08817154806698202,0.07516339869281047,0.9264705882352942,0.4665250531815397,1
710,0.14708255844336193,0.08169934640522875,0.7352941176470588,0.4986583510657483,0
711,0.08817154806698202,0.07254901960784314,0.9833333333333333,0.5911410422994192,1
712,0.02025682835668615,0.0,0.0,0.0,1
714,0.0405136567133723,0.06315789473684211,0.9649122807017543,0.632247167395482,1
715,0.0810273134267446,0.12254901960784315,0.875,0.4695635312187775,0
716,0.09205294603472297,0.08857808857808859,0.9848484848484849,0.31802640074065774,0
717,0.056889087102317513,0.061683006535947715,0.9926470588235294,0.48784736118699346,1
718,0.07179611767803681,0.093859649122807,0.8362573099415205,0.48150777409182216,1
720,0.056889087102317513,0.10955710955710957,0.8484848484848485,0.47254968072542775,1
721,0.0405136567133723,0.07924836601307189,0.9632352941176471,0.49968996628282736,1
722,0.07714591545900366,0.1067193675889328,0.6363636363636364,0.6429279131150871,1
723,0.08817154806698202,0.1053921568627451,0.8455882352941176,0.36040261243754274,0
726,0.06077048507005845,0.07361660079051384,0.8458498023715414,0.6327201027912376,1
727,0.21814966268579433,0.125,1.0,0.3011700048972661,0
728,0.030385242535029226,0.25,1.0,0.0,1
731,0.0405136567133723,0.10757575757575759,0.9454545454545454,0.595233213242796,1
733,0.0405136567133723,0.061683006535947715,0.9926470588235294,0.47980800437532417,1
734,0.0405136567133723,0.07254901960784314,0.9833333333333333,0.46888709348596724,1
736,0.0405136567133723,0.0804093567251462,0.8771929824561403,0.4790587867635323,1
737,0.15513843601024022,0.11355311355311357,0.9230769230769231,0.08386121049286357,1
