countryname,edate,disp_econ,disp_soc,enp_election,count_relevance,country,year,elect,prop,prop_imputed_by_datafinder,log_disp_econ,log_disp_soc,log_count_parties,log_enp
Australia,1946-09-28,2.3067447080157555,1.9490048448184425,3.0,3.0,,,,,,0.8358373133439543,0.6673189063193801,1.0986122886681098,1.0986122886681098
Australia,1949-12-10,4.899457190031278,0.9508373524410849,3.0,3.0,,,,,,1.5891244214356584,-0.05041225899104598,1.0986122886681098,1.0986122886681098
Australia,1951-04-28,2.993418406153582,1.0909734925781147,3.0,3.0,,,,,,1.0964160140061392,0.08707041011041262,1.0986122886681098,1.0986122886681098
Australia,1954-05-29,7.433381596180693,5.085599404235667,3.0,3.0,,,,,,2.00598088253662,1.6264128994927505,1.0986122886681098,1.0986122886681098
Australia,1955-12-10,6.018888612033275,1.6972956177980094,4.0,4.0,,,,,,1.7949026263357926,0.5290361713155274,1.3862943611198906,1.3862943611198906
Australia,1958-11-22,3.231985767853175,0.6330224844372707,4.0,4.0,,,,,,1.1730967371383785,-0.45724933703077025,1.3862943611198906,1.3862943611198906
Australia,1961-12-09,2.3259542612666415,4.033488153649403,4.0,4.0,Australia,1961,1961-12-09,1.0,0.0,0.8441303897873281,1.3946315484002239,1.3862943611198906,1.3862943611198906
Australia,1963-11-30,2.1166745126853206,1.9824875224250686,4.0,4.0,Australia,1963,1963-11-30,1.0,0.0,0.749846231010087,0.68435238064833,1.3862943611198906,1.3862943611198906
Australia,1966-11-26,2.9708933588655135,0.9479404946519676,4.0,4.0,Australia,1966,1966-11-26,1.0,0.0,1.0888627018159058,-0.053463548051658163,1.3862943611198906,1.3862943611198906
Australia,1969-10-25,2.616117584396108,0.5864748725230478,4.0,4.0,Australia,1969,1969-10-25,1.0,0.0,0.9616913807484637,-0.5336254549043564,1.3862943611198906,1.3862943611198906
Australia,1972-12-02,2.852084121526809,0.8781109402130753,4.0,4.0,Australia,1972,1972-12-02,1.0,0.0,1.0480499977435729,-0.1299823377334585,1.3862943611198906,1.3862943611198906
Australia,1974-05-18,5.22019090980614,3.264435924552008,4.0,4.0,Australia,1974,1974-05-18,1.0,0.0,1.6525339739855773,1.1830869835003224,1.3862943611198906,1.3862943611198906
Australia,1975-12-13,5.019517855531017,2.111174790686111,4.0,4.0,Australia,1975,1975-12-13,1.0,0.0,1.613333884376112,0.7472445653845069,1.3862943611198906,1.3862943611198906
Australia,1977-12-10,3.8289499557481514,1.8002437380950094,4.0,4.0,Australia,1977,1977-12-10,1.0,0.0,1.3425906026129726,0.5879220657877884,1.3862943611198906,1.3862943611198906
Australia,1980-10-18,3.420711285890544,2.4266028053377258,3.0,3.0,Australia,1980,1980-10-18,1.0,0.0,1.2298485077805874,0.8864922567124938,1.0986122886681098,1.0986122886681098
Australia,1983-03-05,1.678762282985393,0.7505267500443734,3.0,3.0,Australia,1983,1983-03-05,1.0,0.0,0.5180567855733788,-0.28697998557996046,1.0986122886681098,1.0986122886681098
Australia,1984-12-01,2.350996855337754,0.5336493948197166,3.0,3.0,Australia,1984,1984-12-01,1.0,0.0,0.8548394319720757,-0.6280162196625013,1.0986122886681098,1.0986122886681098
Australia,1987-07-11,2.846401218575184,3.9084575502325842,3.0,3.0,Australia,1987,1987-07-11,1.0,0.0,1.0460554660403538,1.3631428077346792,1.0986122886681098,1.0986122886681098
Australia,1990-03-24,3.3562042996665333,2.95124623520993,4.0,4.0,Australia,1990,1990-03-24,1.0,0.0,1.2108106626956385,1.082227533757282,1.3862943611198906,1.3862943611198906
Australia,1993-03-13,1.199967147456395,1.1852826435723016,3.0,3.0,Australia,1993,1993-03-13,1.0,0.0,0.18229417929952368,0.16998126392878357,1.0986122886681098,1.0986122886681098
Australia,1996-03-02,2.22004132735324,0.2896370280021182,4.0,4.0,Australia,1996,1996-03-02,1.0,0.0,0.7975258116357967,-1.2391267675205204,1.3862943611198906,1.3862943611198906
Australia,1998-10-03,2.4094152168671665,1.1890803200595037,4.0,4.0,Australia,1998,1998-10-03,1.0,0.0,0.8793840694557928,0.1731801680422956,1.3862943611198906,1.3862943611198906
Australia,2001-11-10,1.548114936587547,1.186577261692668,4.0,4.0,Australia,2001,2001-11-10,1.0,0.0,0.4370380208528241,0.1710729120873097,1.3862943611198906,1.3862943611198906
Australia,2004-10-09,2.3250264462909334,2.7937060488382146,4.0,4.0,Australia,2004,2004-10-09,1.0,0.0,0.8437314137234162,1.0273690472965176,1.3862943611198906,1.3862943611198906
Australia,2007-11-24,3.106125943117866,1.318407996383582,4.0,4.0,Australia,2007,2007-11-24,1.0,0.0,1.133376272236007,0.2764249453728064,1.3862943611198906,1.3862943611198906
Australia,2010-08-21,2.4660870949367912,1.5014636534827317,5.0,5.0,Australia,2010,2010-08-21,1.0,0.0,0.902632722422122,0.40644040134355097,1.6094379124341003,1.6094379124341003
Australia,2013-09-07,3.36535006655068,1.7823743505412466,8.0,8.0,Australia,2013,2013-09-07,1.0,0.0,1.213531989350165,0.5779463802417905,2.0794415416798357,2.0794415416798357
Australia,2016-07-02,2.5378066985723793,1.482431129166845,7.0,7.0,,,,,,0.9313002034966117,0.3936833949366697,1.9459101490553132,1.9459101490553132
Austria,1949-10-09,2.2275204739518375,1.0113884214364508,3.0,3.0,,,,,,0.8008890717692225,0.011324061542502055,1.0986122886681098,1.0986122886681098
Austria,1953-02-22,2.8721064699400034,0.16408734521561555,3.0,3.0,,,,,,1.0550457222049683,-1.8073564001569913,1.0986122886681098,1.0986122886681098
Austria,1956-05-13,3.765900712061519,1.2168169644571607,3.0,3.0,,,,,,1.3259870655914843,0.19623840372733112,1.0986122886681098,1.0986122886681098
Austria,1959-05-10,2.3025379729001636,2.2600233800840672,3.0,3.0,,,,,,0.8340119810418056,0.8153751584006249,1.0986122886681098,1.0986122886681098
Austria,1962-11-18,2.596355286077062,2.0087708366878396,3.0,3.0,Austria,1962,1962-11-18,2.0,0.0,0.9541086485210515,0.6975230109779966,1.0986122886681098,1.0986122886681098
Austria,1966-03-06,1.5642293321718186,0.7438024432017653,3.0,3.0,Austria,1966,1966-03-06,2.0,0.0,0.44739326319713774,-0.2959798127402228,1.0986122886681098,1.0986122886681098
Austria,1970-03-01,2.236160936618685,0.9816862202735087,3.0,3.0,Austria,1970,1970-03-01,2.0,0.0,0.8047605279347301,-0.018483552978377057,1.0986122886681098,1.0986122886681098
Austria,1971-10-10,4.3820034774396595,2.2174963026970618,3.0,3.0,Austria,1971,1971-10-10,2.0,0.0,1.477506034746593,0.7963787678708103,1.0986122886681098,1.0986122886681098
Austria,1975-10-05,2.241838431432721,1.512193962491895,3.0,3.0,Austria,1975,1975-10-05,2.0,0.0,0.8072962575718076,0.41356155160125907,1.0986122886681098,1.0986122886681098
Austria,1979-05-06,1.3558188407792668,0.5625151769134957,3.0,3.0,Austria,1979,1979-05-06,2.0,0.0,0.30440558234778486,-0.5753371640879994,1.0986122886681098,1.0986122886681098
Austria,1983-04-24,2.357653725935133,0.7094114540635433,3.0,3.0,Austria,1983,1983-04-24,2.0,0.0,0.857666940583093,-0.3433195906444835,1.0986122886681098,1.0986122886681098
Austria,1986-11-23,3.9876983067188543,1.1860954856159924,4.0,4.0,Austria,1986,1986-11-23,2.0,0.0,1.383214198966866,0.17066680797215666,1.3862943611198906,1.3862943611198906
Austria,1990-10-07,2.1618145307656556,0.8610953894090796,4.0,4.0,Austria,1990,1990-10-07,2.0,0.0,0.7709479295823601,-0.1495499915980569,1.3862943611198906,1.3862943611198906
Austria,1994-10-09,2.509910412569044,1.0451146832389395,5.0,5.0,Austria,1994,1994-10-09,2.0,0.0,0.9202470603031425,0.044126624121520325,1.6094379124341003,1.6094379124341003
Austria,1995-12-17,4.414857907270931,3.030652233711415,5.0,5.0,Austria,1995,1995-12-17,2.0,0.0,1.4849756494544102,1.1087778550070906,1.6094379124341003,1.6094379124341003
Austria,1999-10-03,1.8769426698972789,0.9207196533385559,4.0,4.0,Austria,1999,1999-10-03,2.0,0.0,0.6296442136628325,-0.08259968283322884,1.3862943611198906,1.3862943611198906
Austria,2002-11-24,2.3935207464150627,1.0481258581090465,5.0,5.0,Austria,2002,2002-11-24,2.0,0.0,0.872765397627803,0.047003672303691825,1.6094379124341003,1.6094379124341003
Austria,2006-10-01,0.7344114970682332,1.4257505012540068,5.0,5.0,Austria,2006,2006-10-01,2.0,0.0,-0.3086857847490583,0.35469834262660915,1.6094379124341003,1.6094379124341003
Austria,2008-09-28,3.1410801952917398,2.4520038077905326,6.0,6.0,Austria,2008,2008-09-28,2.0,0.0,1.1445667520012701,0.8969055710052766,1.791759469228055,1.791759469228055
Austria,2013-09-29,3.0828456134010684,0.9892740189631596,6.0,6.0,Austria,2013,2013-09-29,2.0,0.0,1.1258530709070462,-0.010783919038489236,1.791759469228055,1.791759469228055
Austria,2017-10-15,3.0756410915109047,0.9168344256037072,6.0,6.0,Austria,2017,2017-10-15,2.0,0.0,1.1235133645726911,-0.08682838398437233,1.791759469228055,1.791759469228055
Belgium,1946-02-17,3.3790763072477814,0.726984782228125,3.0,3.0,,,,,,1.2176023902672755,-0.31884973395363636,1.0986122886681098,1.0986122886681098
Belgium,1949-06-29,4.888098208679045,2.7151412951152616,3.0,3.0,,,,,,1.5868033134594055,0.9988439944314681,1.0986122886681098,1.0986122886681098
Belgium,1950-06-04,2.1987875276285225,0.701156963664073,3.0,3.0,,,,,,0.7879060846345067,-0.35502350308375175,1.0986122886681098,1.0986122886681098
Belgium,1954-04-11,6.019203580290922,3.0334260807000666,4.0,4.0,,,,,,1.7949549549361534,1.1096927004422237,1.3862943611198906,1.3862943611198906
Belgium,1958-06-01,2.0615564613901407,0.6037486620773289,4.0,4.0,,,,,,0.7234612612884939,-0.5045972900387973,1.3862943611198906,1.3862943611198906
Belgium,1961-03-26,2.836008154640344,1.051135516621585,4.0,4.0,Belgium,1961,1961-03-26,2.0,0.0,1.0423974840678432,0.0498710242311941,1.3862943611198906,1.3862943611198906
Belgium,1965-05-23,3.6564736554427015,2.381593529986878,5.0,5.0,Belgium,1965,1965-05-23,2.0,0.0,1.2964992008465488,0.8677698140491615,1.6094379124341003,1.6094379124341003
Belgium,1968-03-31,2.752097535440625,1.6545825625126,7.0,7.0,Belgium,1968,1968-03-31,2.0,0.0,1.0123633611002605,0.5035487489251085,1.9459101490553132,1.9459101490553132
Belgium,1971-11-07,1.8407603282512934,2.0053589982511357,9.0,9.0,Belgium,1971,1971-11-07,2.0,0.0,0.6101787081439501,0.6958230962275522,2.1972245773362196,2.1972245773362196
Belgium,1974-03-10,4.000993591287853,2.382553734150115,9.0,9.0,Belgium,1974,1974-03-10,2.0,0.0,1.3865427280962228,0.8681729099750439,2.1972245773362196,2.1972245773362196
Belgium,1977-04-17,3.497823178763253,1.4717981663254518,9.0,9.0,Belgium,1977,1977-04-17,2.0,0.0,1.252140826080119,0.3864848956374913,2.1972245773362196,2.1972245773362196
Belgium,1978-12-17,5.551918919381942,2.6311579175962194,11.0,11.0,Belgium,1978,1978-12-17,2.0,0.0,1.7141436192401467,0.9674240221482935,2.3978952727983707,2.3978952727983707
Belgium,1981-11-08,4.976414250634189,2.47355334661282,12.0,12.0,Belgium,1981,1981-11-08,2.0,0.0,1.6047096016973326,0.9056557187111198,2.4849066497880004,2.4849066497880004
Belgium,1985-10-13,3.445074173762849,3.4029351605581297,11.0,11.0,Belgium,1985,1985-10-13,2.0,0.0,1.236945435079366,1.2246383417251774,2.3978952727983707,2.3978952727983707
Belgium,1987-12-13,2.1627603388105903,1.4537155265241597,11.0,11.0,Belgium,1987,1987-12-13,2.0,0.0,0.7713853404671472,0.3741227110866168,2.3978952727983707,2.3978952727983707
Belgium,1991-11-24,0.5916946107972624,0.7874002746046658,11.0,11.0,Belgium,1991,1991-11-24,2.0,0.0,-0.5247646373395093,-0.23901855172393768,2.3978952727983707,2.3978952727983707
Belgium,1995-05-21,1.9879484469349444,1.6786460652410478,10.0,10.0,Belgium,1995,1995-05-21,2.0,0.0,0.6871031757728595,0.5179875549452646,2.302585092994046,2.302585092994046
Belgium,1999-06-13,0.9760256467887758,1.2605610600079378,10.0,10.0,Belgium,1999,1999-06-13,2.0,0.0,-0.024266415466774462,0.23155690757370617,2.302585092994046,2.302585092994046
Belgium,2003-05-18,2.5865127658427327,2.930522451036987,10.0,10.0,Belgium,2003,2003-05-18,2.0,0.0,0.9503105460157453,1.075180718067596,2.302585092994046,2.302585092994046
Belgium,2007-06-10,5.351816693065567,3.1080476966438213,13.0,13.0,Belgium,2007,2007-06-10,2.0,0.0,1.6774360720647816,1.133994778798142,2.5649493574615367,2.5649493574615367
Belgium,2010-06-13,5.7829390594853045,4.30401489897239,11.0,11.0,Belgium,2010,2010-06-13,2.0,0.0,1.7549120412483985,1.4595482845106456,2.3978952727983707,2.3978952727983707
Belgium,2014-05-25,4.650378883116471,2.16045458679094,7.0,7.0,Belgium,2014,2014-05-25,2.0,0.0,1.5369486965200319,0.7703186564007953,1.9459101490553132,1.9459101490553132
Bulgaria,1990-06-10,1.2962103551977588,0.8957510541042051,4.0,4.0,,,,,,0.2594448958684418,-0.1100927460138365,1.3862943611198906,1.3862943611198906
Bulgaria,1991-10-13,2.466541784998664,2.3807781225891795,4.0,4.0,Bulgaria,1991,1991-10-13,2.0,0.0,0.9028170825571447,0.8674273765137686,1.3862943611198906,1.3862943611198906
Bulgaria,1994-12-18,3.8409097406154773,3.217800055070966,8.0,8.0,Bulgaria,1994,1994-12-18,2.0,0.0,1.3457092501591235,1.168697913349275,2.0794415416798357,2.0794415416798357
Bulgaria,1997-04-19,1.8334659858818816,1.0686659825828404,8.0,8.0,Bulgaria,1997,1997-04-19,2.0,0.0,0.6062081568883229,0.06641112539070017,2.0794415416798357,2.0794415416798357
Bulgaria,2001-06-18,0.7892302136602856,0.6163611489597486,4.0,4.0,,,,,,-0.23669722165837034,-0.4839222064652368,1.3862943611198906,1.3862943611198906
Bulgaria,2005-06-25,3.476819656888239,1.9472011539824998,8.0,8.0,Bulgaria,2005,2005-06-25,2.0,0.0,1.2461179842339811,0.6663930358878132,2.0794415416798357,2.0794415416798357
Bulgaria,2009-07-05,2.0186427695592823,1.6173878092492626,6.0,6.0,Bulgaria,2009,2009-07-05,2.0,0.0,0.7024253893318828,0.4808123843995798,1.791759469228055,1.791759469228055
Bulgaria,2013-05-12,3.247527238683692,0.9557612738824819,4.0,4.0,Bulgaria,2013,2013-05-12,2.0,0.0,1.1778938571128745,-0.04524711062639447,1.3862943611198906,1.3862943611198906
Bulgaria,2014-10-05,2.171696875768074,2.058496253828614,8.0,8.0,Bulgaria,2014,2014-10-05,2.0,0.0,0.7755088323728414,0.7219757423712303,2.0794415416798357,2.0794415416798357
Bulgaria,2017-03-26,0.88700076388248,1.1731999621079243,5.0,5.0,Bulgaria,2017,2017-03-26,2.0,0.0,-0.11990943547509306,0.15973502582310548,1.6094379124341003,1.6094379124341003
Canada,1945-06-11,3.300489582729422,0.42011569378293856,4.0,4.0,,,,,,1.19407081587127,-0.8672251442492964,1.3862943611198906,1.3862943611198906
Canada,1949-06-27,3.624543448872367,2.520904654159633,4.0,4.0,,,,,,1.2877283352362257,0.9246178268478165,1.3862943611198906,1.3862943611198906
Canada,1953-08-10,3.459980689162827,3.047973220361219,4.0,4.0,,,,,,1.241263007887245,1.1144768518150743,1.3862943611198906,1.3862943611198906
Canada,1957-06-10,4.242023941603665,1.2493674488202489,4.0,4.0,,,,,,1.4450405000689648,0.22263738228847882,1.3862943611198906,1.3862943611198906
Canada,1958-03-31,5.315299686675477,4.155485209760925,4.0,4.0,,,,,,1.670589395279681,1.4244291988085866,1.3862943611198906,1.3862943611198906
Canada,1962-06-18,2.263990418112831,2.175132450198924,4.0,4.0,Canada,1962,1962-06-18,0.0,0.0,0.817128928049662,0.7770895593297056,1.3862943611198906,1.3862943611198906
Canada,1963-04-08,1.4558487075013702,1.6942428566094039,4.0,4.0,Canada,1963,1963-04-08,0.0,0.0,0.37558903469238425,0.5272359487698649,1.3862943611198906,1.3862943611198906
Canada,1965-11-08,2.839702596982195,4.53336644633247,4.0,4.0,Canada,1965,1965-11-08,0.0,0.0,1.043699327317192,1.5114648083852649,1.3862943611198906,1.3862943611198906
Canada,1968-06-25,2.3696508676536463,2.0543002096449894,4.0,4.0,Canada,1968,1968-06-25,0.0,0.0,0.8627426310690711,0.7199352593681118,1.3862943611198906,1.3862943611198906
Canada,1972-10-30,2.451422794042331,0.8722580663378829,4.0,4.0,Canada,1972,1972-10-30,0.0,0.0,0.8966685882590869,-0.13666995122183367,1.3862943611198906,1.3862943611198906
Canada,1974-07-08,3.2263334114242563,3.468001627082588,4.0,4.0,Canada,1974,1974-07-08,0.0,0.0,1.1713463257030743,1.243578528088482,1.3862943611198906,1.3862943611198906
Canada,1979-05-22,2.900010402148701,1.5339814451148657,3.0,3.0,Canada,1979,1979-05-22,0.0,0.0,1.0647143239338233,0.4278666071188892,1.0986122886681098,1.0986122886681098
Canada,1980-02-18,3.717979158080095,2.2891695947459216,3.0,3.0,Canada,1980,1980-02-18,0.0,0.0,1.3131802836030926,0.8281891294210602,1.0986122886681098,1.0986122886681098
Canada,1984-09-04,2.253125430786157,1.050436751680643,3.0,3.0,Canada,1984,1984-09-04,0.0,0.0,0.8123183326861241,0.04920603166612102,1.0986122886681098,1.0986122886681098
Canada,1988-11-21,5.218950997684581,3.59839213489582,3.0,3.0,Canada,1988,1988-11-21,0.0,0.0,1.6522964234017499,1.2804871164979321,1.0986122886681098,1.0986122886681098
Canada,1993-10-25,3.7921353297360936,2.9546542938739986,5.0,5.0,Canada,1993,1993-10-25,0.0,0.0,1.3329292719775097,1.0833816537854057,1.6094379124341003,1.6094379124341003
Canada,1997-06-02,4.252801995480617,1.778535444016653,5.0,5.0,Canada,1997,1997-06-02,0.0,0.0,1.4475780587523996,0.5757902413709345,1.6094379124341003,1.6094379124341003
Canada,2000-11-27,2.487326253874752,1.9117851879128331,5.0,5.0,Canada,2000,2000-11-27,0.0,0.0,0.9112083399226054,0.6480374588995667,1.6094379124341003,1.6094379124341003
Canada,2004-06-28,0.7438060463741418,1.4228424050063446,4.0,4.0,Canada,2004,2004-06-28,0.0,0.0,-0.29597496849201926,0.35265656456028205,1.3862943611198906,1.3862943611198906
Canada,2006-01-23,1.802428486117849,2.04295875162733,4.0,4.0,Canada,2006,2006-01-23,0.0,0.0,0.5891349145593032,0.7143991255324602,1.3862943611198906,1.3862943611198906
Canada,2008-10-14,1.6098328472041556,1.8492715914249511,5.0,5.0,Canada,2008,2008-10-14,0.0,0.0,0.4761303519942093,0.6147918271916146,1.6094379124341003,1.6094379124341003
Canada,2011-05-02,1.864060433048134,1.8593456662618704,5.0,5.0,Canada,2011,2011-05-02,0.0,0.0,0.622757136901007,0.6202246334993434,1.6094379124341003,1.6094379124341003
Canada,2015-10-19,2.0642086554928714,1.5585637334771936,5.0,5.0,,,,,,0.7247469352873398,0.4437647135034498,1.6094379124341003,1.6094379124341003
Croatia,1990-04-22,2.2173064530575193,1.652586369947584,8.0,8.0,,,,,,0.7962931497948261,0.5023415576093907,2.0794415416798357,2.0794415416798357
Croatia,1992-08-02,1.2845241433405064,1.019865237499502,11.0,11.0,,,,,,0.250388333296576,0.0196704984690233,2.3978952727983707,2.3978952727983707
Croatia,1995-10-29,1.7220838025190708,0.6388069257965633,9.0,9.0,,,,,,0.5435350706280584,-0.44815302081438674,2.1972245773362196,2.1972245773362196
Croatia,2000-01-03,1.4961326430269035,2.750914360834372,8.0,8.0,Croatia,2000,2000-01-03,2.0,0.0,0.40288354074670113,1.0119333512631798,2.0794415416798357,2.0794415416798357
Croatia,2003-11-23,1.084018203057752,2.017297534460779,9.0,9.0,Croatia,2003,2003-11-23,2.0,0.0,0.0806746953651634,0.7017587614598197,2.1972245773362196,2.1972245773362196
Croatia,2007-11-25,0.9802766567988916,1.1931118666927079,7.0,7.0,Croatia,2007,2007-11-25,2.0,0.0,-0.019920444301461046,0.17656490795082416,1.9459101490553132,1.9459101490553132
Croatia,2011-12-04,2.66733727609964,2.691515150010341,7.0,7.0,Croatia,2011,2011-12-04,2.0,0.0,0.9810806999336641,0.9901042878383818,1.9459101490553132,1.9459101490553132
Croatia,2015-11-08,2.60020471794282,3.6990690697937834,8.0,8.0,Croatia,2015,2015-11-08,2.0,0.0,0.9555901795981041,1.3080811852344576,2.0794415416798357,2.0794415416798357
Croatia,2016-09-11,1.8626063157040404,1.4357159607348338,6.0,6.0,Croatia,2016,2016-09-11,2.0,0.0,0.6219767518996504,0.3616636521300696,1.791759469228055,1.791759469228055
Czech Republic,1990-06-09,2.2551098712073245,0.8625755656310501,5.0,5.0,Czech Republic,1990,1990-06-09,,0.0,0.813198695141233,-0.1478325215885027,1.6094379124341003,1.6094379124341003
Czech Republic,1992-06-06,2.7670400380726776,3.397455169277907,10.0,10.0,Czech Republic,1992,1992-06-06,,0.0,1.0177781705492803,1.2230266717472469,2.302585092994046,2.302585092994046
Czech Republic,1996-05-31,2.62959547638142,0.9846527885105886,7.0,7.0,,,,,,0.9668300230976905,-0.01546619892643711,1.9459101490553132,1.9459101490553132
Czech Republic,1998-06-19,4.23095992430075,1.853178926194402,7.0,7.0,,,,,,1.4424288997717172,0.6169025029191842,1.9459101490553132,1.9459101490553132
Czech Republic,2002-06-14,3.7609051168238623,1.313845507780498,5.0,5.0,,,,,,1.3246596509923145,0.27295833916261125,1.6094379124341003,1.6094379124341003
Czech Republic,2006-06-03,2.5910903635420093,1.07747127494493,5.0,5.0,,,,,,0.9520787769046698,0.07461688365658511,1.6094379124341003,1.6094379124341003
Czech Republic,2010-05-29,2.981483923156137,1.0322152318444133,7.0,7.0,Czech Republic,2010,2010-05-29,2.0,0.0,1.0924211373666322,0.03170720330294963,1.9459101490553132,1.9459101490553132
Czech Republic,2013-10-26,3.5871342403442528,1.380622475276961,8.0,8.0,Czech Republic,2013,2013-10-26,2.0,0.0,1.2773536219770765,0.322534466509331,2.0794415416798357,2.0794415416798357
Czech Republic,2017-10-21,4.326891420811906,1.6608330233200854,9.0,9.0,Czech Republic,2017,2017-10-21,2.0,0.0,1.464849367517204,0.5073192977754225,2.1972245773362196,2.1972245773362196
Denmark,1945-10-30,3.777856314193945,1.9259200997580779,7.0,7.0,,,,,,1.329156736115191,0.6554038274469092,1.9459101490553132,1.9459101490553132
Denmark,1947-10-28,4.701384988757476,2.627882104895698,6.0,6.0,,,,,,1.5478571437658808,0.9661782384652727,1.791759469228055,1.791759469228055
Denmark,1950-09-05,2.845856334638745,2.058254271357305,6.0,6.0,,,,,,1.045864018646061,0.7218581824316093,1.791759469228055,1.791759469228055
Denmark,1953-04-21,2.3962734371606973,2.662956368694786,6.0,6.0,,,,,,0.8739147960959567,0.9794369224297481,1.791759469228055,1.791759469228055
Denmark,1953-09-22,4.823401544636587,4.71064365022063,7.0,7.0,,,,,,1.57347939381791,1.5498245547895309,1.9459101490553132,1.9459101490553132
Denmark,1957-05-14,6.944892257343856,2.1590622158325052,7.0,7.0,,,,,,1.9380064623845796,0.7696739680848179,1.9459101490553132,1.9459101490553132
Denmark,1960-11-15,9.287030814900591,6.453774212108199,8.0,8.0,Denmark,1960,1960-11-15,2.0,0.0,2.2286188908566977,1.8646651088387265,2.0794415416798357,2.0794415416798357
Denmark,1964-09-22,6.394281224907603,3.162411263351349,8.0,8.0,Denmark,1964,1964-09-22,2.0,0.0,1.8554040322959668,1.1513347946406407,2.0794415416798357,2.0794415416798357
Denmark,1966-11-22,6.349055333449943,4.37678174379147,9.0,9.0,Denmark,1966,1966-11-22,2.0,0.0,1.8483060354519483,1.4763136926272384,2.1972245773362196,2.1972245773362196
Denmark,1968-01-23,10.843428907198554,6.716291955133042,10.0,10.0,Denmark,1968,1968-01-23,2.0,0.0,2.3835592658451885,1.904536209850695,2.302585092994046,2.302585092994046
Denmark,1971-09-21,5.057793502974375,3.7629887419872476,9.0,9.0,Denmark,1971,1971-09-21,2.0,0.0,1.6209303215888282,1.3252135198415438,2.1972245773362196,2.1972245773362196
Denmark,1973-12-04,5.1815580692352565,3.939421003013413,11.0,11.0,Denmark,1973,1973-12-04,2.0,0.0,1.6451057966111338,1.3710337589612165,2.3978952727983707,2.3978952727983707
Denmark,1975-01-09,5.690091863805666,2.369328910479545,11.0,11.0,Denmark,1975,1975-01-09,2.0,0.0,1.738726392789226,0.8626067549144262,2.3978952727983707,2.3978952727983707
Denmark,1977-02-15,3.841301173607656,2.3200313422783037,11.0,11.0,Denmark,1977,1977-02-15,2.0,0.0,1.3458111564975168,0.8415806951896818,2.3978952727983707,2.3978952727983707
Denmark,1979-10-23,9.167481160285465,2.5049320517518874,11.0,11.0,Denmark,1979,1979-10-23,2.0,0.0,2.21566256590647,0.9182616091197906,2.3978952727983707,2.3978952727983707
Denmark,1981-12-08,9.9231062171255,3.7734452870450785,11.0,11.0,Denmark,1981,1981-12-08,2.0,0.0,2.2948659990092004,1.3279884533783832,2.3978952727983707,2.3978952727983707
Denmark,1984-01-10,6.104048261778274,3.0047112291245397,11.0,11.0,Denmark,1984,1984-01-10,2.0,0.0,1.808952200533185,1.1001814665724197,2.3978952727983707,2.3978952727983707
Denmark,1987-09-08,6.157082039982351,2.4802389938360228,9.0,9.0,Denmark,1987,1987-09-08,2.0,0.0,1.81760297050854,0.9083549240160141,2.1972245773362196,2.1972245773362196
Denmark,1988-05-10,5.290573303426751,1.824214903030166,8.0,8.0,Denmark,1988,1988-05-10,2.0,0.0,1.665926614936963,0.6011497043556819,2.0794415416798357,2.0794415416798357
Denmark,1990-12-12,4.897418293458225,1.4398508184752041,8.0,8.0,Denmark,1990,1990-12-12,2.0,0.0,1.5887081873810507,0.3645395099401284,2.0794415416798357,2.0794415416798357
Denmark,1994-09-21,6.475454362391009,1.3036346739506217,9.0,9.0,Denmark,1994,1994-09-21,2.0,0.0,1.8680187769215153,0.2651562662395468,2.1972245773362196,2.1972245773362196
Denmark,1998-03-11,4.482203942702858,1.7027620053143833,10.0,10.0,Denmark,1998,1998-03-11,2.0,0.0,1.5001148769546022,0.5322516416587806,2.302585092994046,2.302585092994046
Denmark,2001-11-20,3.102675462398157,2.000387368205476,8.0,8.0,Denmark,2001,2001-11-20,2.0,0.0,1.1322647916620376,0.693340845908339,2.0794415416798357,2.0794415416798357
Denmark,2005-02-08,3.1171853113217893,2.581587397605092,9.0,9.0,Denmark,2005,2005-02-08,2.0,0.0,1.1369304508376414,0.9484044801218731,2.1972245773362196,2.1972245773362196
Denmark,2007-11-13,2.0700259350241272,2.2339777030364596,8.0,8.0,Denmark,2007,2007-11-13,2.0,0.0,0.7275611361959534,0.8037837198615071,2.0794415416798357,2.0794415416798357
Denmark,2011-09-15,6.870566483022449,2.3099300920293624,8.0,8.0,Denmark,2011,2011-09-15,2.0,0.0,1.927246560334454,0.8372172608850104,2.0794415416798357,2.0794415416798357
Denmark,2015-06-18,8.049573406512483,4.250879345838167,9.0,9.0,Denmark,2015,2015-06-18,2.0,0.0,2.0856190970464787,1.4471258664375561,2.1972245773362196,2.1972245773362196
Estonia,1992-09-20,1.0504963557844826,2.227473927143336,8.0,8.0,Estonia,1992,1992-09-20,2.0,0.0,0.049262772267374674,0.8008681753081668,2.0794415416798357,2.0794415416798357
Estonia,1995-03-05,3.172536776710258,2.8501473503625925,8.0,8.0,Estonia,1995,1995-03-05,2.0,0.0,1.154531512882874,1.0473706948256742,2.0794415416798357,2.0794415416798357
Estonia,1999-03-07,2.042208824982124,1.5892764687253094,7.0,7.0,Estonia,1999,1999-03-07,2.0,0.0,0.7140319794413553,0.46327886154880327,1.9459101490553132,1.9459101490553132
Estonia,2003-03-02,1.2876644069378387,2.3668432344070585,6.0,6.0,Estonia,2003,2003-03-02,2.0,0.0,0.2528300401124797,0.8615570986837539,1.791759469228055,1.791759469228055
Estonia,2007-03-04,1.795657855913892,1.1800488723456075,6.0,6.0,Estonia,2007,2007-03-04,2.0,0.0,0.5853714483432308,0.16555585486194338,1.791759469228055,1.791759469228055
Estonia,2011-03-06,1.3427737744070738,0.3875530091505497,6.0,6.0,Estonia,2011,2011-03-06,2.0,0.0,0.29473745540507335,-0.947902641736832,1.791759469228055,1.791759469228055
Estonia,2015-03-01,1.190478530713555,0.8822925410398524,6.0,6.0,Estonia,2015,2015-03-01,2.0,0.0,0.17435535294223178,-0.1252315987852202,1.791759469228055,1.791759469228055
Finland,1945-03-18,1.2903320558446214,1.2671720525833365,6.0,6.0,,,,,,0.2548995928814099,0.23678768737091369,1.791759469228055,1.791759469228055
Finland,1948-07-02,3.512024804227609,2.8486191396336356,6.0,6.0,,,,,,1.2561927384551075,1.0468343644572438,1.791759469228055,1.791759469228055
Finland,1951-07-03,7.423884560171295,3.6544216798138622,6.0,6.0,,,,,,2.0047024458171117,1.2959378535453976,1.791759469228055,1.791759469228055
Finland,1954-03-08,3.2492278611508434,4.910492297116001,6.0,6.0,,,,,,1.1784173869304098,1.591374200958724,1.791759469228055,1.791759469228055
Finland,1958-07-07,2.8847318594383657,4.970215351962256,7.0,7.0,,,,,,1.059431952638295,1.6034631695445032,1.9459101490553132,1.9459101490553132
Finland,1962-02-05,3.4747840860015726,3.315695435672103,7.0,7.0,,,,,,1.2455323435616608,1.1986673861526027,1.9459101490553132,1.9459101490553132
Finland,1966-03-21,4.071067740870958,6.8268759246599,8.0,8.0,,,,,,1.4039053092426212,1.9208671640597554,2.0794415416798357,2.0794415416798357
Finland,1970-03-16,2.4506969113458807,5.02974935033635,8.0,8.0,,,,,,0.8963724377179414,1.6153701519229973,2.0794415416798357,2.0794415416798357
Finland,1972-01-03,5.404503597912056,5.808994381634014,8.0,8.0,,,,,,1.6872326055991382,1.7594074718269384,2.0794415416798357,2.0794415416798357
Finland,1975-09-22,5.159390339057775,7.748563888784908,8.0,8.0,,,,,,1.6408184211676589,2.0475075215213083,2.0794415416798357,2.0794415416798357
Finland,1979-03-13,3.3740217442777016,9.279862381234786,8.0,8.0,,,,,,1.216105428761487,2.227846717079829,2.0794415416798357,2.0794415416798357
Finland,1983-03-21,2.8997818540491163,5.986870700556262,8.0,8.0,,,,,,1.064635511421372,1.789568855009863,2.0794415416798357,2.0794415416798357
Finland,1987-03-16,3.278070387513866,2.839121688060911,9.0,9.0,,,,,,1.187254952792099,1.0434947395736196,2.1972245773362196,2.1972245773362196
Finland,1991-03-17,4.374424359205523,5.205502230466523,9.0,9.0,Finland,1991,1991-03-17,2.0,0.0,1.4757749361140855,1.6497161874152457,2.1972245773362196,2.1972245773362196
Finland,1995-03-19,4.828422652263735,2.2569380187452417,9.0,9.0,Finland,1995,1995-03-19,2.0,0.0,1.5745198412976142,0.8140090356706525,2.1972245773362196,2.1972245773362196
Finland,1999-03-21,3.5082341291850536,3.07181975029287,8.0,8.0,Finland,1999,1999-03-21,2.0,0.0,1.2551128137836922,1.1222701385291056,2.0794415416798357,2.0794415416798357
Finland,2003-03-16,3.530475315831652,3.513082279179712,8.0,8.0,Finland,2003,2003-03-16,2.0,0.0,1.2614325122578955,1.2564937943529135,2.0794415416798357,2.0794415416798357
Finland,2007-03-18,2.1225514458666894,1.9947584593299188,8.0,8.0,Finland,2007,2007-03-18,2.0,0.0,0.7526188772449288,0.6905229699943127,2.0794415416798357,2.0794415416798357
Finland,2011-04-17,2.554087711474505,1.9953564101796823,8.0,8.0,Finland,2011,2011-04-17,2.0,0.0,0.93769509980628,0.6908226861046478,2.0794415416798357,2.0794415416798357
Finland,2015-04-19,2.298714318412121,1.2738896165819842,8.0,8.0,Finland,2015,2015-04-19,2.0,0.0,0.8323499746461014,0.24207491021097827,2.0794415416798357,2.0794415416798357
France,1946-11-10,2.532378240875165,0.95631546263869,6.0,6.0,,,,,,0.9291588773571142,-0.044667438523135004,1.791759469228055,1.791759469228055
France,1951-06-17,2.2452119428596693,0.6731259991251637,6.0,6.0,,,,,,0.8087999233571995,-0.39582274676407875,1.791759469228055,1.791759469228055
France,1956-01-02,3.585694080232794,2.126159806826527,7.0,7.0,,,,,,1.2769520620717099,0.7543174449341781,1.9459101490553132,1.9459101490553132
France,1958-11-23,3.7466605073224857,2.5692876248442413,6.0,6.0,,,,,,1.320864911843011,0.9436286717066591,1.791759469228055,1.791759469228055
France,1962-11-18,3.4858814253015975,1.7673315341475206,6.0,6.0,France,1962,1962-11-18,1.0,0.0,1.2487209319758898,0.5694708011753017,1.791759469228055,1.791759469228055
France,1967-03-05,4.253257633391428,0.9219937911448912,6.0,6.0,France,1967,1967-03-05,1.0,0.0,1.4476851912981674,-0.08121678956438753,1.791759469228055,1.791759469228055
France,1968-06-23,4.432115498652875,2.6893169621972444,6.0,6.0,France,1968,1968-06-23,1.0,0.0,1.4888770092707824,0.989287243972473,1.791759469228055,1.791759469228055
France,1973-03-04,3.942440533030327,2.339412663295773,6.0,6.0,France,1973,1973-03-04,1.0,0.0,1.3717999561725795,0.8498998992726415,1.791759469228055,1.791759469228055
France,1978-03-12,6.755497550747851,1.808329092125124,5.0,5.0,France,1978,1978-03-12,1.0,0.0,1.9103566253610573,0.5924032653870682,1.6094379124341003,1.6094379124341003
France,1981-06-14,6.280197077287017,1.6579792944484162,5.0,5.0,France,1981,1981-06-14,1.0,0.0,1.8374013617213125,0.5055995683651701,1.6094379124341003,1.6094379124341003
France,1986-03-16,5.247492241426965,0.7949684475407304,6.0,6.0,France,1986,1986-03-16,1.0,0.0,1.657750294184062,-0.2294528537434317,1.791759469228055,1.791759469228055
France,1988-06-05,5.168242347896216,0.7543515833928416,6.0,6.0,France,1988,1988-06-05,1.0,0.0,1.6425326593235805,-0.2818967286820948,1.791759469228055,1.791759469228055
France,1993-03-21,6.360772277031044,2.676961200428731,6.0,6.0,,,,,,1.8501497971864833,0.9846822707569506,1.791759469228055,1.791759469228055
France,1997-05-25,3.707848347965218,2.2538244094481357,7.0,7.0,,,,,,1.310451748260231,0.8126285108298181,1.9459101490553132,1.9459101490553132
France,2002-06-09,1.6247877038368983,1.370065674897229,6.0,6.0,,,,,,0.4853771634543792,0.31485867657223915,1.791759469228055,1.791759469228055
France,2007-06-10,2.8501310946363403,1.3342647986330956,6.0,6.0,France,2007,2007-06-10,1.0,0.0,1.0473649913406924,0.2883804275199275,1.791759469228055,1.791759469228055
France,2012-06-10,3.7630909437164144,2.0576885591358343,10.0,10.0,,,,,,1.325240679195003,0.7215832941504399,2.302585092994046,2.302585092994046
France,2017-06-11,4.607967470924718,3.81102995024415,10.0,10.0,,,,,,1.5277868641075445,1.3378994807546103,2.302585092994046,2.302585092994046
Germany,1949-08-14,3.540997763820094,2.6148204544183358,10.0,10.0,,,,,,1.2644085416187212,0.9611954352814234,2.302585092994046,2.302585092994046
Germany,1953-09-06,1.2179445730360317,2.1751922143155236,6.0,6.0,,,,,,0.1971646617136895,0.7771170350338023,1.791759469228055,1.791759469228055
Germany,1957-09-15,3.3083371707869844,2.99816392230659,4.0,4.0,,,,,,1.1964456978400841,1.0980000754060049,1.3862943611198906,1.3862943611198906
Germany,1961-09-17,0.8455461015891379,0.6371956858417593,3.0,3.0,Germany,1961,1961-09-17,2.0,0.0,-0.16777258630013142,-0.4506784714623221,1.0986122886681098,1.0986122886681098
Germany,1965-09-19,0.4157217998489553,1.0180245689748677,3.0,3.0,Germany,1965,1965-09-19,2.0,0.0,-0.8777389927972306,0.017864052390012593,1.0986122886681098,1.0986122886681098
Germany,1969-09-28,0.9784248524427125,1.0942463943257552,3.0,3.0,Germany,1969,1969-09-28,2.0,0.0,-0.021811293825161716,0.09006590197332245,1.0986122886681098,1.0986122886681098
Germany,1972-11-19,2.5185521813150284,0.9294239722108375,3.0,3.0,Germany,1972,1972-11-19,2.0,0.0,0.9236842051928309,-0.0731902694523236,1.0986122886681098,1.0986122886681098
Germany,1976-10-03,0.31329233706937537,1.509043206947649,3.0,3.0,Germany,1976,1976-10-03,2.0,0.0,-1.1606185400866755,0.41147581221055746,1.0986122886681098,1.0986122886681098
Germany,1980-10-05,1.23569393592685,0.22463355641603427,3.0,3.0,Germany,1980,1980-10-05,2.0,0.0,0.21163270371679987,-1.4932848426015173,1.0986122886681098,1.0986122886681098
Germany,1983-03-06,2.8335271711628636,0.7406058547857857,4.0,4.0,Germany,1983,1983-03-06,2.0,0.0,1.0415222858396733,-0.3002867050710242,1.3862943611198906,1.3862943611198906
Germany,1987-01-25,2.3046878354419573,0.543678778254685,4.0,4.0,Germany,1987,1987-01-25,2.0,0.0,0.8349452379678888,-0.6093966876783221,1.3862943611198906,1.3862943611198906
Germany,1990-12-02,2.940720171263849,0.5013147828375223,5.0,5.0,Germany,1990,1990-12-02,2.0,0.0,1.0786545075659093,-0.6905210661438363,1.6094379124341003,1.6094379124341003
Germany,1994-10-16,2.4257542772115164,0.5106278843153718,5.0,5.0,Germany,1994,1994-10-16,2.0,0.0,0.8861425181749447,-0.6721141647857877,1.6094379124341003,1.6094379124341003
Germany,1998-09-27,3.846546199010885,0.6910678985672578,5.0,5.0,Germany,1998,1998-09-27,2.0,0.0,1.3471756545065954,-0.3695171987288302,1.6094379124341003,1.6094379124341003
Germany,2002-09-22,2.801569364595628,0.4902292920980304,5.0,5.0,Germany,2002,2002-09-22,2.0,0.0,1.0301797475223688,-0.712882054271469,1.6094379124341003,1.6094379124341003
Germany,2005-09-18,3.3285642087239857,0.7299460298574232,5.0,5.0,Germany,2005,2005-09-18,2.0,0.0,1.2025410424611094,-0.31478467927494325,1.6094379124341003,1.6094379124341003
Germany,2009-09-27,3.3318620466098063,0.9173660830298715,5.0,5.0,Germany,2009,2009-09-27,2.0,0.0,1.2035313208693965,-0.08624866825694628,1.6094379124341003,1.6094379124341003
Germany,2013-09-22,4.318374490330645,1.247776229922182,7.0,7.0,Germany,2013,2013-09-22,2.0,0.0,1.4628790560602478,0.22136295092357117,1.9459101490553132,1.9459101490553132
Germany,2017-09-24,4.080907159224885,1.6858102890935538,6.0,6.0,Germany,2017,2017-09-24,2.0,0.0,1.4063193066488162,0.5222463319518431,1.791759469228055,1.791759469228055
Greece,1974-11-17,1.643157494300073,0.917404250674563,4.0,4.0,Greece,1974,1974-11-17,2.0,0.0,0.49661969222130875,-0.08620706343699054,1.3862943611198906,1.3862943611198906
Greece,1977-11-20,1.6691027374507998,1.5733130188684055,5.0,5.0,Greece,1977,1977-11-20,2.0,0.0,0.5122861990768588,0.45318359910981415,1.6094379124341003,1.6094379124341003
Greece,1981-10-18,1.3701247446016176,0.6487041879924774,3.0,3.0,Greece,1981,1981-10-18,2.0,0.0,0.31490179014856384,-0.4327784628066626,1.0986122886681098,1.0986122886681098
Greece,1985-06-02,1.731607144457882,1.2645280287465128,3.0,3.0,Greece,1985,1985-06-02,2.0,0.0,0.5490499625057296,0.23469895275530595,1.0986122886681098,1.0986122886681098
Greece,1989-06-18,0.7867628608094905,0.7908910601021438,3.0,3.0,,,,,,-0.2398283964162348,-0.23459504496970315,1.0986122886681098,1.0986122886681098
Greece,1989-11-05,0.8838295070463323,0.9210221165511296,3.0,3.0,Greece,1989,1989-11-05,2.0,0.0,-0.12349110027760672,-0.08227122938743327,1.0986122886681098,1.0986122886681098
Greece,1990-04-08,0.7300580725144263,1.558709077341964,3.0,3.0,Greece,1990,1990-04-08,2.0,0.0,-0.3146311966141191,0.4438579641579138,1.0986122886681098,1.0986122886681098
Greece,1993-10-10,2.323638263508702,2.001200477962789,4.0,4.0,Greece,1993,1993-10-10,2.0,0.0,0.8431341743395698,0.6937472394699762,1.3862943611198906,1.3862943611198906
Greece,1996-09-22,1.3801351670547803,0.8997787369512912,6.0,6.0,Greece,1996,1996-09-22,2.0,0.0,0.32218144151375044,-0.10560639371525724,1.791759469228055,1.791759469228055
Greece,2000-04-09,2.5083110136351494,2.0822207017620267,4.0,4.0,Greece,2000,2000-04-09,2.0,0.0,0.9196096237086953,0.7334349692634508,1.3862943611198906,1.3862943611198906
Greece,2004-03-07,2.306731523925099,2.0801473907482073,4.0,4.0,Greece,2004,2004-03-07,2.0,0.0,0.8358315978747533,0.7324387521393472,1.3862943611198906,1.3862943611198906
Greece,2007-09-16,2.5315595319440085,2.8229575822300994,5.0,5.0,Greece,2007,2007-09-16,2.0,0.0,0.9288355286213994,1.0377851233809576,1.6094379124341003,1.6094379124341003
Greece,2009-10-04,1.4052973071173376,2.3762535638330116,5.0,5.0,Greece,2009,2009-10-04,2.0,0.0,0.34024888688942206,0.8655251145912916,1.6094379124341003,1.6094379124341003
Greece,2012-05-06,6.373630665000487,10.794766670915367,8.0,8.0,,,,,,1.8521692703251889,2.3790614491815627,2.0794415416798357,2.0794415416798357
Greece,2012-06-17,6.95350035725223,11.232370277717571,7.0,7.0,Greece,2012,2012-06-17,2.0,0.0,1.9392451813138523,2.418799813061087,1.9459101490553132,1.9459101490553132
Greece,2015-01-25,1.7117003136621882,1.7300343696439424,7.0,7.0,,,,,,0.5374872119654706,0.5481412751585539,1.9459101490553132,1.9459101490553132
Greece,2015-09-20,5.011021459950042,2.406090487388588,10.0,10.0,Greece,2015,2015-09-20,2.0,0.0,1.6116397785367755,0.8780032259012228,2.302585092994046,2.302585092994046
Hungary,1990-03-25,3.5164321909461167,2.2439780991856653,8.0,8.0,,,,,,1.257446893470706,0.8082502278916405,2.0794415416798357,2.0794415416798357
Hungary,1994-05-08,3.994894315924575,4.4877057998808025,7.0,7.0,,,,,,1.3850171247818581,1.5013416134604995,1.9459101490553132,1.9459101490553132
Hungary,1998-05-10,2.7613768989975607,1.7552410461290222,7.0,7.0,,,,,,1.0157294317799657,0.5626061957080908,1.9459101490553132,1.9459101490553132
Hungary,2002-04-07,2.9674497620828637,2.127465706910209,5.0,5.0,,,,,,1.0877029179844528,0.7549314623743565,1.6094379124341003,1.6094379124341003
Hungary,2006-04-09,3.288553737108373,0.7973700228339148,5.0,5.0,,,,,,1.1904478745436144,-0.22643643837846741,1.6094379124341003,1.6094379124341003
Hungary,2010-04-11,0.8175976695577233,1.3508673366655788,5.0,5.0,,,,,,-0.2013849098820097,0.3007468577579445,1.6094379124341003,1.6094379124341003
Hungary,2014-04-06,1.2441999011178346,2.2131381668004133,6.0,6.0,Hungary,2014,2014-04-06,1.0,0.0,0.21849267362428523,0.7944114932819395,1.791759469228055,1.791759469228055
Iceland,1946-06-30,2.4988092651965372,0.9634289526921438,4.0,4.0,,,,,,0.9158143244887906,-0.03725653261962634,1.3862943611198906,1.3862943611198906
Iceland,1949-10-23,4.322454953590637,2.6355572186356655,4.0,4.0,,,,,,1.4638235171423213,0.9690946278100113,1.3862943611198906,1.3862943611198906
Iceland,1953-06-28,3.9102065356577396,3.0198306147243987,5.0,5.0,,,,,,1.3635901950210787,1.1052007419741936,1.6094379124341003,1.6094379124341003
Iceland,1956-06-24,2.0478150819325225,0.903637935131017,4.0,4.0,,,,,,0.7167734110755556,-0.10132651305280986,1.3862943611198906,1.3862943611198906
Iceland,1959-06-28,6.710676740090653,2.4169733947330956,4.0,4.0,,,,,,1.9036998013511737,0.8825160941030857,1.3862943611198906,1.3862943611198906
Iceland,1959-10-25,6.962342231465814,4.700975401733341,4.0,4.0,,,,,,1.940515945243103,1.5477700194678572,1.3862943611198906,1.3862943611198906
Iceland,1963-06-09,3.2536055255328904,2.4252145245072962,4.0,4.0,Iceland,1963,1963-06-09,2.0,0.0,1.179763773892227,0.8859199841911118,1.3862943611198906,1.3862943611198906
Iceland,1967-06-11,4.800742288586397,2.5856684468994238,5.0,5.0,Iceland,1967,1967-06-11,2.0,0.0,1.568770549413278,0.949984061340874,1.6094379124341003,1.6094379124341003
Iceland,1971-06-13,3.092092442064388,1.4616777305258688,5.0,5.0,Iceland,1971,1971-06-13,2.0,0.0,1.1288480274530335,0.3795849064723395,1.6094379124341003,1.6094379124341003
Iceland,1974-06-30,3.640696640160547,0.9296562585875787,5.0,5.0,Iceland,1974,1974-06-30,2.0,0.0,1.2921750479964327,-0.07294037558104052,1.6094379124341003,1.6094379124341003
Iceland,1978-06-25,2.7938515725010524,1.049462144060358,4.0,4.0,Iceland,1978,1978-06-25,2.0,0.0,1.027421135766197,0.04827778917574084,1.3862943611198906,1.3862943611198906
Iceland,1979-12-02,1.3323514436612511,0.8690329957617532,4.0,4.0,Iceland,1979,1979-12-02,2.0,0.0,0.28694538390933744,-0.14037418463118953,1.3862943611198906,1.3862943611198906
Iceland,1983-04-23,2.289839068420089,1.566604031612992,6.0,6.0,Iceland,1983,1983-04-23,2.0,0.0,0.8284815392976008,0.44891023942719444,1.791759469228055,1.791759469228055
Iceland,1987-04-25,3.0083001230562605,2.8901879838829188,6.0,6.0,Iceland,1987,1987-04-25,2.0,0.0,1.1013751760626183,1.0613215463351897,1.791759469228055,1.791759469228055
Iceland,1991-04-20,3.698983015010722,3.4675268915705466,5.0,5.0,Iceland,1991,1991-04-20,2.0,0.0,1.3080579210611107,1.2434416284963292,1.6094379124341003,1.6094379124341003
Iceland,1995-04-08,1.6785840478670675,3.459112740121539,6.0,6.0,Iceland,1995,1995-04-08,2.0,0.0,0.5179506093848485,1.2410121226940587,1.791759469228055,1.791759469228055
Iceland,1999-05-08,2.4569097745325505,2.1638202638795603,5.0,5.0,Iceland,1999,1999-05-08,2.0,0.0,0.8989043710628064,0.7718753001778319,1.6094379124341003,1.6094379124341003
Iceland,2003-05-10,2.444050791874799,1.2227751549209294,5.0,5.0,Iceland,2003,2003-05-10,2.0,0.0,0.8936568233662314,0.20112299264111946,1.6094379124341003,1.6094379124341003
Iceland,2007-05-12,1.4325658713222893,1.5799701136068038,5.0,5.0,Iceland,2007,2007-05-12,2.0,0.0,0.3594671520206073,0.4574059314212445,1.6094379124341003,1.6094379124341003
Iceland,2009-04-25,3.8255063712543493,4.795973381505554,5.0,5.0,Iceland,2009,2009-04-25,2.0,0.0,1.3416908431580858,1.567776687005069,1.6094379124341003,1.6094379124341003
Iceland,2013-04-27,3.6366905347820335,2.821205161920448,6.0,6.0,Iceland,2013,2013-04-27,2.0,0.0,1.2910740743401259,1.037164156039866,1.791759469228055,1.791759469228055
Iceland,2016-10-29,3.3169605020647444,2.154923247440115,7.0,7.0,Iceland,2016,2016-10-29,2.0,0.0,1.1990488521655718,0.7677551068843755,1.9459101490553132,1.9459101490553132
Iceland,2017-10-28,5.051356113849719,2.998777344062005,9.0,9.0,Iceland,2017,2017-10-28,2.0,0.0,1.6196567446335395,1.0982046536168986,2.1972245773362196,2.1972245773362196
Ireland,1948-02-04,4.581335221101664,2.5042153041339024,5.0,5.0,,,,,,1.5219904886302382,0.9179754336204675,1.6094379124341003,1.6094379124341003
Ireland,1951-05-30,4.887100167026848,2.8559541922411125,5.0,5.0,,,,,,1.5865991147071539,1.0494060052174465,1.6094379124341003,1.6094379124341003
Ireland,1954-04-18,6.150885636268159,2.5068781193146585,5.0,5.0,,,,,,1.8165960773478342,0.9190382018454335,1.6094379124341003,1.6094379124341003
Ireland,1957-03-05,1.8387019286527837,2.428476424847805,5.0,5.0,,,,,,0.6090598490990554,0.887264075055412,1.6094379124341003,1.6094379124341003
Ireland,1961-10-04,4.338114236655624,4.702375254914568,5.0,5.0,Ireland,1961,1961-10-04,2.0,0.0,1.4674397460034607,1.5480677544439696,1.6094379124341003,1.6094379124341003
Ireland,1965-04-07,2.4538834714031967,2.6377307507233145,4.0,4.0,Ireland,1965,1965-04-07,2.0,0.0,0.897671859995492,0.969918983401197,1.3862943611198906,1.3862943611198906
Ireland,1969-06-16,2.0452224921355207,0.7613752830488879,3.0,3.0,,,,,,0.7155065816869589,-0.2726288980654026,1.0986122886681098,1.0986122886681098
Ireland,1973-02-28,1.3265520295810045,0.6590833703604473,3.0,3.0,Ireland,1973,1973-02-28,2.0,0.0,0.2825831170311249,-0.41690524207100654,1.0986122886681098,1.0986122886681098
Ireland,1977-06-16,0.011218964557071526,0.3734222517610992,3.0,3.0,Ireland,1977,1977-06-16,2.0,0.0,-4.4901496686121485,-0.9850454573600294,1.0986122886681098,1.0986122886681098
Ireland,1981-06-11,2.481426542725943,3.111741064778525,4.0,4.0,Ireland,1981,1981-06-11,2.0,0.0,0.9088336136430542,1.1351823974490252,1.3862943611198906,1.3862943611198906
Ireland,1982-02-18,2.5300051771548304,2.987365796135865,4.0,4.0,,,,,,0.9282213490435922,1.0943919944530887,1.3862943611198906,1.3862943611198906
Ireland,1982-11-24,2.769871625086258,3.6175255110786413,4.0,4.0,Ireland,1982,1982-11-24,2.0,0.0,1.018800974391094,1.2857902316281842,1.3862943611198906,1.3862943611198906
Ireland,1987-02-17,2.8514301420551127,1.2647049809926096,5.0,5.0,Ireland,1987,1987-02-17,2.0,0.0,1.0478206726487842,0.2348388783736291,1.6094379124341003,1.6094379124341003
Ireland,1989-06-15,2.008468520725804,1.5728889857552606,6.0,6.0,Ireland,1989,1989-06-15,2.0,0.0,0.6973725016676423,0.4529140467320017,1.791759469228055,1.791759469228055
Ireland,1992-11-25,3.8972738467023404,2.3960361431774118,6.0,6.0,Ireland,1992,1992-11-25,2.0,0.0,1.360277295045571,0.8738157649380144,1.791759469228055,1.791759469228055
Ireland,1997-06-06,3.64666457353375,1.2066923752477527,7.0,7.0,Ireland,1997,1997-06-06,2.0,0.0,1.2938129343403002,0.18788304239655076,1.9459101490553132,1.9459101490553132
Ireland,2002-05-17,1.3257388633183718,0.5906685117636558,6.0,6.0,Ireland,2002,2002-05-17,2.0,0.0,0.28196993671196136,-0.5265003127367318,1.791759469228055,1.791759469228055
Ireland,2007-05-24,2.3309880905588227,2.756635987349614,6.0,6.0,Ireland,2007,2007-05-24,2.0,0.0,0.8462922508851941,1.0140110911699916,1.791759469228055,1.791759469228055
Ireland,2011-02-25,5.335851626220966,3.3491277596544493,7.0,7.0,Ireland,2011,2011-02-25,2.0,0.0,1.674448502046245,1.2086999416823527,1.9459101490553132,1.9459101490553132
Ireland,2016-02-26,2.940567713318565,3.6312479410368494,10.0,10.0,Ireland,2016,2016-02-26,2.0,0.0,1.078602662477449,1.2895763746056963,2.302585092994046,2.302585092994046
Italy,1946-06-02,1.9379287496511113,1.467327427546752,5.0,5.0,,,,,,0.661619747906822,0.38344266958486567,1.6094379124341003,1.6094379124341003
Italy,1948-04-18,8.24231494817466,7.030432525482703,7.0,7.0,,,,,,2.1092812447774993,1.9502482296031622,1.9459101490553132,1.9459101490553132
Italy,1953-06-07,2.13775161202418,1.7743153116111725,7.0,7.0,,,,,,0.7597546281288065,0.5734146085732242,1.9459101490553132,1.9459101490553132
Italy,1958-05-25,2.596260065631812,1.6600765848679793,7.0,7.0,,,,,,0.9540719731893308,0.5068637367668822,1.9459101490553132,1.9459101490553132
Italy,1963-04-28,2.6522446977529026,1.891130306391629,7.0,7.0,Italy,1963,1963-04-28,2.0,0.0,0.9754063372046763,0.6371746960233389,1.9459101490553132,1.9459101490553132
Italy,1968-05-19,2.551974055968569,1.0828421700172097,6.0,6.0,Italy,1968,1968-05-19,2.0,0.0,0.9368671992743508,0.07958922334248279,1.791759469228055,1.791759469228055
Italy,1972-05-07,2.9642391351954833,1.1264504290074877,7.0,7.0,Italy,1972,1972-05-07,2.0,0.0,1.0866203840699071,0.11907147549005913,1.9459101490553132,1.9459101490553132
Italy,1976-06-20,0.8761319234949494,1.1060452250339785,9.0,9.0,Italy,1976,1976-06-20,2.0,0.0,-0.13223860178745114,0.10079079289161115,2.1972245773362196,2.1972245773362196
Italy,1979-06-03,0.9216340814789821,1.2169199952245113,9.0,9.0,Italy,1979,1979-06-03,2.0,0.0,-0.08160700895281721,0.19632307250552614,2.1972245773362196,2.1972245773362196
Italy,1983-06-26,1.5122263184743705,1.7038275803258753,10.0,10.0,Italy,1983,1983-06-26,2.0,0.0,0.413582948086847,0.5328772380327828,2.302585092994046,2.302585092994046
Italy,1987-06-14,4.811503260029309,3.9183249310957535,10.0,10.0,Italy,1987,1987-06-14,2.0,0.0,1.5710095633635661,1.365664248981961,2.302585092994046,2.302585092994046
Italy,1992-04-06,5.664929873605406,4.4382885465997,12.0,12.0,,,,,,1.7342945155163967,1.490268839656831,2.4849066497880004,2.4849066497880004
Italy,1994-03-28,5.555403769198541,3.8984968252411116,12.0,12.0,,,,,,1.714771106174424,1.3605910494132323,2.4849066497880004,2.4849066497880004
Italy,1996-04-21,5.557834724577686,2.6146394223299874,11.0,11.0,Italy,1996,1996-04-21,1.0,0.0,1.7152085943862136,0.9611261997991031,2.3978952727983707,2.3978952727983707
Italy,2001-05-13,2.8642487678998307,1.6724892612768985,14.0,14.0,Italy,2001,2001-05-13,1.0,0.0,1.052306105626482,0.5143130922384366,2.6390573296152584,2.6390573296152584
Italy,2006-04-10,1.5871391870853406,0.709572969462648,16.0,16.0,,,,,,0.4619331422260796,-0.34309194135232157,2.772588722239781,2.772588722239781
Italy,2008-04-13,1.7273650075783717,3.1729783744885935,5.0,5.0,Italy,2008,2008-04-13,2.0,0.0,0.5465971303810919,1.1546706970999236,1.6094379124341003,1.6094379124341003
Italy,2013-02-24,4.017930915444545,2.942621015771684,13.0,13.0,Italy,2013,2013-02-24,2.0,0.0,1.3907670724780155,1.0793006861618963,2.5649493574615367,2.5649493574615367
Italy,2018-03-04,2.06203199189512,2.06268032224361,11.0,11.0,,,,,,0.7236919004574964,0.7240062643716084,2.3978952727983707,2.3978952727983707
Latvia,1993-06-05,2.9154371333380458,4.107017163981784,9.0,9.0,,,,,,1.0700197685383284,1.4126970141674866,2.1972245773362196,2.1972245773362196
Latvia,1995-09-30,3.443214086639263,3.829865051421698,9.0,9.0,,,,,,1.2364053626844602,1.3428295679560562,2.1972245773362196,2.1972245773362196
Latvia,1998-10-03,1.0475424361839045,0.8467817365024057,6.0,6.0,Latvia,1998,1998-10-03,2.0,0.0,0.046446883863648016,-0.1663123076176806,1.791759469228055,1.791759469228055
Latvia,2002-10-05,0.753375967304931,1.646665073577885,7.0,7.0,Latvia,2002,2002-10-05,2.0,0.0,-0.28319088321767455,0.49875207506843056,1.9459101490553132,1.9459101490553132
Latvia,2006-10-07,1.793670241985929,1.7146483534270203,7.0,7.0,Latvia,2006,2006-10-07,2.0,0.0,0.5842639351391351,0.5392080178604572,1.9459101490553132,1.9459101490553132
Latvia,2010-10-02,1.6146474760599503,1.4634962957359796,5.0,5.0,Latvia,2010,2010-10-02,2.0,0.0,0.47911665177040796,0.3808282960471671,1.6094379124341003,1.6094379124341003
Latvia,2011-09-17,1.7605680359566316,3.2824242237688845,5.0,5.0,Latvia,2011,2011-09-17,2.0,0.0,0.5656365046808559,1.1885822420140761,1.6094379124341003,1.6094379124341003
Latvia,2014-10-04,1.3854392470023438,2.143789785758401,6.0,6.0,,,,,,0.3260172352092549,0.7625751907142538,1.791759469228055,1.791759469228055
Latvia,2018-10-06,1.4396105989175554,1.6856866693723804,7.0,7.0,,,,,,0.364372659600162,0.5221729997064034,1.9459101490553132,1.9459101490553132
Luxembourg,1945-10-21,5.6481735621812055,4.50271028598582,4.0,4.0,,,,,,1.731332229566736,1.5046795012496168,1.3862943611198906,1.3862943611198906
Luxembourg,1948-06-06,3.4039579544057017,2.720616087231206,4.0,4.0,,,,,,1.2249388588151318,1.0008583573185832,1.3862943611198906,1.3862943611198906
Luxembourg,1951-06-03,1.8018681414970494,1.1063446184276515,4.0,4.0,,,,,,0.5888239830887795,0.10106144446451132,1.3862943611198906,1.3862943611198906
Luxembourg,1954-05-30,2.9974983818986445,1.7671187192970208,4.0,4.0,,,,,,1.0977780681024205,0.5693503780059278,1.3862943611198906,1.3862943611198906
Luxembourg,1959-02-01,1.8879486012880093,1.6386148671122323,4.0,4.0,,,,,,0.6354908434586691,0.49385129174204717,1.3862943611198906,1.3862943611198906
Luxembourg,1964-06-07,1.3608216260509556,0.8949070249257666,4.0,4.0,Luxembourg,1964,1964-06-07,2.0,0.0,0.30808865413296227,-0.11103544886797641,1.3862943611198906,1.3862943611198906
Luxembourg,1968-12-15,1.9662528850091399,1.0730385515436698,4.0,4.0,Luxembourg,1968,1968-12-15,2.0,0.0,0.6761296426539352,0.07049439174840492,1.3862943611198906,1.3862943611198906
Luxembourg,1974-05-26,2.4494653158756132,2.082109557616715,4.0,4.0,Luxembourg,1974,1974-05-26,2.0,0.0,0.8958697623210496,0.7333815901420001,1.3862943611198906,1.3862943611198906
Luxembourg,1979-06-10,3.591039672247068,9.125731097450782,4.0,4.0,Luxembourg,1979,1979-06-10,2.0,0.0,1.2784417628707703,2.211098016527677,1.3862943611198906,1.3862943611198906
Luxembourg,1984-06-17,3.088569335863646,2.139810898382585,5.0,5.0,Luxembourg,1984,1984-06-17,2.0,0.0,1.1277079855905574,0.7607174598875394,1.6094379124341003,1.6094379124341003
Luxembourg,1989-06-18,2.400348959559999,1.5111327807630828,7.0,7.0,Luxembourg,1989,1989-06-18,2.0,0.0,0.8756141266010374,0.4128595555138307,1.9459101490553132,1.9459101490553132
Luxembourg,1994-06-12,3.411515583357174,1.0154030837459145,5.0,5.0,Luxembourg,1994,1994-06-12,2.0,0.0,1.2271566451530371,0.015285660503022038,1.6094379124341003,1.6094379124341003
Luxembourg,1999-06-13,1.358488111081259,0.8123605762581171,5.0,5.0,Luxembourg,1999,1999-06-13,2.0,0.0,0.3063723983415607,-0.2078109779544915,1.6094379124341003,1.6094379124341003
Luxembourg,2004-06-13,1.671292208494833,0.8503118850145737,5.0,5.0,Luxembourg,2004,2004-06-13,2.0,0.0,0.5135971047589766,-0.16215207325120004,1.6094379124341003,1.6094379124341003
Luxembourg,2009-06-07,3.568832600155321,2.4815058390941305,6.0,6.0,Luxembourg,2009,2009-06-07,2.0,0.0,1.2722385395568745,0.9088655690928139,1.791759469228055,1.791759469228055
Luxembourg,2013-10-20,3.6639666883707083,2.1342582221361246,6.0,6.0,Luxembourg,2013,2013-10-20,2.0,0.0,1.298546355168674,0.7581191493718078,1.791759469228055,1.791759469228055
Netherlands,1946-05-17,3.1092466889878994,2.4626217734796167,7.0,7.0,,,,,,1.134380474660224,0.9012265440006738,1.9459101490553132,1.9459101490553132
Netherlands,1948-07-07,3.6607259377845836,1.924478651656548,7.0,7.0,,,,,,1.2976614714027623,0.6546551007503097,1.9459101490553132,1.9459101490553132
Netherlands,1952-06-25,5.5184838930955635,3.001555358201606,5.0,5.0,,,,,,1.708103165515944,1.0991306070517939,1.6094379124341003,1.6094379124341003
Netherlands,1956-06-13,3.1307288067685946,1.9914604980320405,5.0,5.0,,,,,,1.141265823060699,0.6888682881589036,1.6094379124341003,1.6094379124341003
Netherlands,1959-03-12,2.7212406784198464,1.4544453011259841,5.0,5.0,,,,,,1.0010879080834345,0.3746245915948777,1.6094379124341003,1.6094379124341003
Netherlands,1963-05-15,2.591585069539405,1.0949250279315936,5.0,5.0,Netherlands,1963,1963-05-15,2.0,0.0,0.9522696844794488,0.09068589328206787,1.6094379124341003,1.6094379124341003
Netherlands,1967-02-15,3.3552477146629087,1.7498614032198034,6.0,6.0,Netherlands,1967,1967-02-15,2.0,0.0,1.210525602172801,0.5595365866389704,1.791759469228055,1.791759469228055
Netherlands,1971-04-28,2.102490800869621,1.410614522798551,8.0,8.0,,,,,,0.7431227375258441,0.3440254412150184,2.0794415416798357,2.0794415416798357
Netherlands,1972-11-29,4.3999981788008835,1.2909285981971061,8.0,8.0,Netherlands,1972,1972-11-29,2.0,0.0,1.4816041270152398,0.2553618029741187,2.0794415416798357,2.0794415416798357
Netherlands,1977-05-25,4.096700475017295,1.2237650703594216,6.0,6.0,Netherlands,1977,1977-05-25,2.0,0.0,1.410181887524429,0.20193222968720198,1.791759469228055,1.791759469228055
Netherlands,1981-05-26,3.5791420003120926,1.782782016060891,6.0,6.0,Netherlands,1981,1981-05-26,2.0,0.0,1.2751231069711384,0.5781750745707349,1.791759469228055,1.791759469228055
Netherlands,1982-09-08,4.804522274338115,2.065433705593161,10.0,10.0,Netherlands,1982,1982-09-08,2.0,0.0,1.569557614865164,0.7253402312820574,2.302585092994046,2.302585092994046
Netherlands,1986-05-21,2.4791796130951895,1.1834982090680648,7.0,7.0,Netherlands,1986,1986-05-21,2.0,0.0,0.9079277042788193,0.16847463672028326,1.9459101490553132,1.9459101490553132
Netherlands,1989-09-06,1.994738180430185,1.1159884116090804,9.0,9.0,Netherlands,1989,1989-09-06,2.0,0.0,0.6905128038497762,0.1097404800423753,2.1972245773362196,2.1972245773362196
Netherlands,1994-05-03,3.8597871960804726,2.0508271994122005,12.0,12.0,Netherlands,1994,1994-05-03,2.0,0.0,1.3506120514078945,0.7182432236696707,2.4849066497880004,2.4849066497880004
Netherlands,1998-05-06,1.7746216258879544,1.142981264404275,9.0,9.0,Netherlands,1998,1998-05-06,2.0,0.0,0.5735872316899135,0.13363999308102015,2.1972245773362196,2.1972245773362196
Netherlands,2002-05-15,2.6739662022142214,2.253757600139035,10.0,10.0,Netherlands,2002,2002-05-15,2.0,0.0,0.9835628391885874,0.8125988677489099,2.302585092994046,2.302585092994046
Netherlands,2003-01-22,2.1056191102198296,1.2178168104147264,9.0,9.0,Netherlands,2003,2003-01-22,2.0,0.0,0.74460953800995,0.19705975601784387,2.1972245773362196,2.1972245773362196
Netherlands,2006-11-22,1.6453669971701794,0.6383961206655331,10.0,10.0,Netherlands,2006,2006-11-22,2.0,0.0,0.4979634579182427,-0.4487963095167349,2.302585092994046,2.302585092994046
Netherlands,2010-06-09,3.881333330456642,0.9652255801860743,10.0,10.0,Netherlands,2010,2010-06-09,2.0,0.0,1.3561787364741065,-0.0353934431103412,2.302585092994046,2.302585092994046
Netherlands,2012-09-12,3.5548151253777918,1.2510454171371488,11.0,11.0,Netherlands,2012,2012-09-12,2.0,0.0,1.2683030577898047,0.2239795354917619,2.3978952727983707,2.3978952727983707
Netherlands,2017-03-15,3.3395294123695507,2.0885131334794376,13.0,13.0,Netherlands,2017,2017-03-15,2.0,0.0,1.2058299025619121,0.7364523934100333,2.5649493574615367,2.5649493574615367
New Zealand,1946-11-27,2.0015590864134705,1.3385918830701264,2.0,2.0,,,,,,0.6939264200806889,0.2916182279204102,0.6931471805599453,0.6931471805599453
New Zealand,1949-11-30,2.2137923281121656,0.49518219222226567,2.0,2.0,,,,,,0.7947070304796731,-0.7028295190373015,0.6931471805599453,0.6931471805599453
New Zealand,1951-09-01,2.9481286587239737,0.08686827320959756,2.0,2.0,,,,,,1.0811706160898267,-2.443362408775982,0.6931471805599453,0.6931471805599453
New Zealand,1954-11-13,1.966099989797972,5.92310631065031,3.0,3.0,,,,,,0.6760518799423412,1.7788610259182027,1.0986122886681098,1.0986122886681098
New Zealand,1957-11-30,2.8489632701356236,6.86129796559293,3.0,3.0,,,,,,1.046955163237378,1.9258966316526336,1.0986122886681098,1.0986122886681098
New Zealand,1960-11-26,1.434162363388187,1.2143297661115013,3.0,3.0,New Zealand,1960,1960-11-26,0.0,0.0,0.3605809598881364,0.19419229175710526,1.0986122886681098,1.0986122886681098
New Zealand,1963-11-30,2.2206427953934202,1.2007555121787419,3.0,3.0,New Zealand,1963,1963-11-30,0.0,0.0,0.7977967014479216,0.18295095216541155,1.0986122886681098,1.0986122886681098
New Zealand,1966-11-26,1.971011148113841,1.6606269938349318,3.0,3.0,New Zealand,1966,1966-11-26,0.0,0.0,0.6785466842245222,0.5071952381845475,1.0986122886681098,1.0986122886681098
New Zealand,1969-11-29,2.362569172808788,0.1916094698931199,3.0,3.0,New Zealand,1969,1969-11-29,0.0,0.0,0.8597496594529079,-1.6522959893373326,1.0986122886681098,1.0986122886681098
New Zealand,1972-11-25,0.9892945026751605,0.48474240145749964,3.0,3.0,New Zealand,1972,1972-11-25,0.0,0.0,-0.010763213450810435,-0.7241376601601602,1.0986122886681098,1.0986122886681098
New Zealand,1975-11-29,1.2627240827113924,2.9670057598112187,3.0,3.0,New Zealand,1975,1975-11-29,0.0,0.0,0.23327135767421675,1.0875532825980774,1.0986122886681098,1.0986122886681098
New Zealand,1978-11-25,0.5971149264349251,0.9710638947177348,3.0,3.0,New Zealand,1978,1978-11-25,0.0,0.0,-0.5156456775253867,-0.029363009850858685,1.0986122886681098,1.0986122886681098
New Zealand,1981-11-28,1.2064629060590564,1.9752745858120482,3.0,3.0,New Zealand,1981,1981-11-28,0.0,0.0,0.18769286052871528,0.6807074194801109,1.0986122886681098,1.0986122886681098
New Zealand,1984-07-14,2.8403704957193505,4.70722584097304,3.0,3.0,New Zealand,1984,1984-07-14,0.0,0.0,1.0439344999036475,1.5490987410795767,1.0986122886681098,1.0986122886681098
New Zealand,1987-08-15,2.486010718586457,1.3863718319753433,3.0,3.0,New Zealand,1987,1987-08-15,0.0,0.0,0.9106793046586521,0.3266901418263489,1.0986122886681098,1.0986122886681098
New Zealand,1990-10-27,1.4463044166039396,1.1323087955085782,3.0,3.0,New Zealand,1990,1990-10-27,0.0,0.0,0.3690116248189045,0.12425873013297947,1.0986122886681098,1.0986122886681098
New Zealand,1993-11-06,2.2770931247273873,1.841755117260222,4.0,4.0,New Zealand,1993,1993-11-06,0.0,0.0,0.8228996842371283,0.6107189850540385,1.3862943611198906,1.3862943611198906
New Zealand,1996-10-12,4.470973040533053,1.8268497624682025,5.0,5.0,New Zealand,1996,1996-10-12,2.0,0.0,1.497606067381965,0.6025930421964778,1.6094379124341003,1.6094379124341003
New Zealand,1999-11-27,7.054415314455457,1.8597994879429733,6.0,6.0,New Zealand,1999,1999-11-27,2.0,0.0,1.953653706527472,0.62046867973284,1.791759469228055,1.791759469228055
New Zealand,2002-07-27,6.663473580334762,2.4082841075616273,7.0,7.0,New Zealand,2002,2002-07-27,2.0,0.0,1.8966409071967032,0.878914505354693,1.9459101490553132,1.9459101490553132
New Zealand,2005-09-17,5.257167623075814,2.9344034847987035,6.0,6.0,New Zealand,2005,2005-09-17,2.0,0.0,1.659592407019636,1.0765041906470187,1.791759469228055,1.791759469228055
New Zealand,2008-11-08,6.024000219454295,3.0393875826227497,7.0,7.0,New Zealand,2008,2008-11-08,2.0,0.0,1.7957515269275877,1.1116560420391102,1.9459101490553132,1.9459101490553132
New Zealand,2011-11-26,5.758697295278472,3.561893099254078,8.0,8.0,New Zealand,2011,2011-11-26,2.0,0.0,1.7507112851147082,1.2702921729780603,2.0794415416798357,2.0794415416798357
New Zealand,2014-09-20,7.799550997812815,2.7290801719284827,7.0,7.0,New Zealand,2014,2014-09-20,2.0,0.0,2.054066167655681,1.0039646190625406,1.9459101490553132,1.9459101490553132
New Zealand,2017-09-23,6.212992964265906,4.125465416014944,6.0,6.0,New Zealand,2017,2017-09-23,2.0,0.0,1.8266427386595259,1.4171788415468651,1.791759469228055,1.791759469228055
Norway,1945-10-08,3.715071764450474,1.6019775091544182,6.0,6.0,,,,,,1.3123979954664462,0.47123880931816475,1.791759469228055,1.791759469228055
Norway,1949-10-10,4.7384308701552325,1.5399581416864372,6.0,6.0,,,,,,1.555706040849493,0.4317552353330425,1.791759469228055,1.791759469228055
Norway,1953-10-12,3.7180799654490793,1.3970701376662364,6.0,6.0,,,,,,1.3132073967196818,0.33437728493168406,1.791759469228055,1.791759469228055
Norway,1957-10-07,4.3233645745307445,1.9567445690643042,6.0,6.0,,,,,,1.4640339358170358,0.6712821582111879,1.791759469228055,1.791759469228055
Norway,1961-09-11,3.672547389545503,1.4037587744384261,6.0,6.0,Norway,1961,1961-09-11,2.0,0.0,1.3008855328752216,0.33915347776401755,1.791759469228055,1.791759469228055
Norway,1965-09-12,2.667906703163941,1.4101965105253904,6.0,6.0,Norway,1965,1965-09-12,2.0,0.0,0.9812941586128461,0.3437290638460404,1.791759469228055,1.791759469228055
Norway,1969-09-07,5.567616506798683,3.6155855713364553,6.0,6.0,Norway,1969,1969-09-07,2.0,0.0,1.7169670461627984,1.2852538262649602,1.791759469228055,1.791759469228055
Norway,1973-09-09,9.620160595451244,4.438487256246485,8.0,8.0,Norway,1973,1973-09-09,2.0,0.0,2.263860958452124,1.4903136103373646,2.0794415416798357,2.0794415416798357
Norway,1977-09-11,5.526961737206591,1.4879038003032758,7.0,7.0,Norway,1977,1977-09-11,2.0,0.0,1.7096382499407126,0.39736828398715723,1.9459101490553132,1.9459101490553132
Norway,1981-09-14,6.450153940058209,1.6403342590051941,7.0,7.0,Norway,1981,1981-09-14,2.0,0.0,1.864103997198568,0.49490003753493467,1.9459101490553132,1.9459101490553132
Norway,1985-09-08,6.108436509451468,3.193440593186212,7.0,7.0,Norway,1985,1985-09-08,2.0,0.0,1.8096708500044858,1.1610988914310145,1.9459101490553132,1.9459101490553132
Norway,1989-09-11,4.783543871776958,1.8867913102378198,7.0,7.0,,,,,,1.5651816675745243,0.6348776668618307,1.9459101490553132,1.9459101490553132
Norway,1993-09-13,5.396829098675147,3.2527054425398836,7.0,7.0,,,,,,1.6858115771494222,1.1794870939108473,1.9459101490553132,1.9459101490553132
Norway,1997-09-16,4.020830377041252,1.8090513360113787,7.0,7.0,,,,,,1.3914884427530978,0.5928025841262498,1.9459101490553132,1.9459101490553132
Norway,2001-09-10,4.347026362882035,2.1175340804723213,7.0,7.0,Norway,2001,2001-09-10,2.0,0.0,1.4694920166034102,0.7502522420886142,1.9459101490553132,1.9459101490553132
Norway,2005-09-12,4.413732097679009,2.884713726480129,7.0,7.0,Norway,2005,2005-09-12,2.0,0.0,1.4847206122180243,1.0594256667801594,1.9459101490553132,1.9459101490553132
Norway,2009-09-14,3.3164709898528755,0.9847808726582536,7.0,7.0,Norway,2009,2009-09-14,2.0,0.0,1.1989012627276303,-0.015336126865244002,1.9459101490553132,1.9459101490553132
Norway,2013-09-09,1.824586181447515,0.9097875554657948,8.0,8.0,Norway,2013,2013-09-09,2.0,0.0,0.6013532114310387,-0.09454416225831963,2.0794415416798357,2.0794415416798357
Norway,2017-09-11,3.9334740100173775,1.9459175715020942,9.0,9.0,Norway,2017,2017-09-11,2.0,0.0,1.369523007422603,0.6657336249540987,2.1972245773362196,2.1972245773362196
Poland,1991-10-27,5.55713896432659,3.925092223327356,21.0,21.0,Poland,1991,1991-10-27,,0.0,1.7150834010620588,1.3673898473474713,3.044522437723423,3.044522437723423
Poland,1993-09-19,3.2099755082665045,4.452513886708959,7.0,7.0,Poland,1993,1993-09-19,2.0,0.0,1.1662633072892983,1.4934688550334043,1.9459101490553132,1.9459101490553132
Poland,1997-09-21,1.861474414732301,2.7304354936186743,7.0,7.0,Poland,1997,1997-09-21,2.0,0.0,0.6213688698001333,1.0044611179467131,1.9459101490553132,1.9459101490553132
Poland,2001-09-23,1.8134332340122312,4.672180407802262,7.0,7.0,Poland,2001,2001-09-23,2.0,0.0,0.5952218629683742,1.5416258594641017,1.9459101490553132,1.9459101490553132
Poland,2005-09-25,3.5289099011242486,3.007744707759604,7.0,7.0,Poland,2005,2005-09-25,2.0,0.0,1.2609890133737995,1.1011905313952814,1.9459101490553132,1.9459101490553132
Poland,2007-10-21,0.7962733765821385,1.4147117560910842,5.0,5.0,Poland,2007,2007-10-21,2.0,0.0,-0.22781271418179683,0.3469258044016307,1.6094379124341003,1.6094379124341003
Poland,2011-10-09,2.7501906573921686,3.3419491565506325,6.0,6.0,Poland,2011,2011-10-09,2.0,0.0,1.011670239236058,1.206554216577713,1.791759469228055,1.791759469228055
Portugal,1975-04-25,1.9035328011101151,0.9536730816143242,6.0,6.0,Portugal,1975,1975-04-25,,0.0,0.6437115286909556,-0.047434348008648715,1.791759469228055,1.791759469228055
Portugal,1976-04-25,0.8472121631445689,0.9042824971151353,6.0,6.0,Portugal,1976,1976-04-25,2.0,0.0,-0.16580412792291793,-0.10061347059814048,1.791759469228055,1.791759469228055
Portugal,1979-12-02,2.1512403199293555,1.5614604728373114,7.0,7.0,,,,,,0.7660445687911782,0.44562158383578704,1.9459101490553132,1.9459101490553132
Portugal,1980-10-05,1.7039918651801291,1.0898804786549632,9.0,9.0,Portugal,1980,1980-10-05,2.0,0.0,0.5329736544404053,0.08606803761863985,2.1972245773362196,2.1972245773362196
Portugal,1983-04-25,2.5394314672434444,2.792677951479409,8.0,8.0,Portugal,1983,1983-04-25,2.0,0.0,0.931940224182451,1.0270009747220743,2.0794415416798357,2.0794415416798357
Portugal,1985-10-06,4.548628506070416,1.7107666306569247,8.0,8.0,Portugal,1985,1985-10-06,2.0,0.0,1.514825760287267,0.5369415920698707,2.0794415416798357,2.0794415416798357
Portugal,1987-07-19,1.7357930440301303,1.594745550379061,8.0,8.0,Portugal,1987,1987-07-19,2.0,0.0,0.5514643948632146,0.46671419396770847,2.0794415416798357,2.0794415416798357
Portugal,1991-10-06,1.0784158688993861,0.9815110275201813,6.0,6.0,Portugal,1991,1991-10-06,2.0,0.0,0.07549317629332954,-0.018662029954126063,1.791759469228055,1.791759469228055
Portugal,1995-10-01,1.5888268527893143,0.8345149606771941,5.0,5.0,Portugal,1995,1995-10-01,2.0,0.0,0.4629959154683842,-0.18090460832711328,1.6094379124341003,1.6094379124341003
Portugal,1999-10-10,2.332784245914105,1.6847375930469635,6.0,6.0,Portugal,1999,1999-10-10,2.0,0.0,0.8470625095146902,0.5216098205475751,1.791759469228055,1.791759469228055
Portugal,2002-03-17,3.341372366339849,2.110369588942167,7.0,7.0,Portugal,2002,2002-03-17,2.0,0.0,1.2063816107229026,0.7468630927852401,1.9459101490553132,1.9459101490553132
Portugal,2005-02-20,3.762253996297927,2.9076820754000594,7.0,7.0,Portugal,2005,2005-02-20,2.0,0.0,1.3250182448936894,1.0673562261155058,1.9459101490553132,1.9459101490553132
Portugal,2009-09-27,5.977533958536622,5.347681520245829,6.0,6.0,Portugal,2009,2009-09-27,2.0,0.0,1.7880081013942846,1.6766631062783146,1.791759469228055,1.791759469228055
Portugal,2011-06-05,6.226255685388516,2.8171473538544065,6.0,6.0,Portugal,2011,2011-06-05,2.0,0.0,1.8287751385370035,1.0357247963136853,1.791759469228055,1.791759469228055
Portugal,2015-10-04,3.647301148439193,2.7078975347477368,6.0,6.0,Portugal,2015,2015-10-04,2.0,0.0,1.293987482708451,0.9961725163532592,1.791759469228055,1.791759469228055
Slovakia,1990-06-09,1.6687706496043346,1.9609379473748456,7.0,7.0,Slovakia,1990,1990-06-09,,0.0,0.5120872173845941,0.6734229033554883,1.9459101490553132,1.9459101490553132
Slovakia,1992-06-06,2.319080755372025,4.808632701083189,7.0,7.0,Slovakia,1992,1992-06-06,2.0,0.0,0.8411708810271552,1.5704127819785796,1.9459101490553132,1.9459101490553132
Slovakia,1994-09-30,1.9930401341912702,1.917830748274385,11.0,11.0,,,,,,0.6896611786050545,0.6511947287064148,2.3978952727983707,2.3978952727983707
Slovakia,1998-09-26,0.9725982050538786,0.5145378199635049,6.0,6.0,,,,,,-0.02778422652733718,-0.6644862182201134,1.791759469228055,1.791759469228055
Slovakia,2002-09-20,3.1916804941861603,1.466569017731309,8.0,8.0,,,,,,1.160547578771302,0.3829256712200758,2.0794415416798357,2.0794415416798357
Slovakia,2006-06-17,2.3883356927352497,0.7071711524363143,6.0,6.0,Slovakia,2006,2006-06-17,2.0,0.0,0.8705967604978947,-0.3464825597289318,1.791759469228055,1.791759469228055
Slovakia,2010-06-12,5.210435447117955,2.435558882897082,8.0,8.0,Slovakia,2010,2010-06-12,2.0,0.0,1.650663431374072,0.8901762508956612,2.0794415416798357,2.0794415416798357
Slovakia,2012-03-10,4.336929275872059,1.4195042689740998,7.0,7.0,Slovakia,2012,2012-03-10,2.0,0.0,1.4671665575660255,0.3503077043050914,1.9459101490553132,1.9459101490553132
Slovakia,2016-03-05,3.615004886274226,3.137123029702411,9.0,9.0,Slovakia,2016,2016-03-05,2.0,0.0,1.285093207276267,1.1433061473436794,2.1972245773362196,2.1972245773362196
Spain,1977-06-15,2.4170219332816956,1.7684363130822032,9.0,9.0,Spain,1977,1977-06-15,2.0,0.0,0.8825361762692063,0.5700957171869688,2.1972245773362196,2.1972245773362196
Spain,1979-03-01,2.9967903817106154,1.650790722173689,10.0,10.0,Spain,1979,1979-03-01,2.0,0.0,1.097541843182587,0.5012543986804049,2.302585092994046,2.302585092994046
Spain,1982-10-28,3.5582459711878442,1.9775414088668495,10.0,10.0,Spain,1982,1982-10-28,2.0,0.0,1.2692677187225676,0.6818543604489535,2.302585092994046,2.302585092994046
Spain,1986-06-22,2.739321090115686,1.6494940658796624,11.0,11.0,Spain,1986,1986-06-22,2.0,0.0,1.007710112368063,0.5004686141533001,2.3978952727983707,2.3978952727983707
Spain,1989-10-29,2.5533105728458825,1.458021797424943,11.0,11.0,Spain,1989,1989-10-29,2.0,0.0,0.9373907810156323,0.3770805836975819,2.3978952727983707,2.3978952727983707
Spain,1993-06-06,2.0889197472919125,1.845520304360488,11.0,11.0,Spain,1993,1993-06-06,2.0,0.0,0.7366470650303152,0.6127612455192322,2.3978952727983707,2.3978952727983707
Spain,1996-03-03,2.2513734831516867,1.6953008699641916,9.0,9.0,Spain,1996,1996-03-03,2.0,0.0,0.8115404669317835,0.5278602294840238,2.1972245773362196,2.1972245773362196
Spain,2000-03-12,2.4227403236365963,1.7258392539970413,11.0,11.0,Spain,2000,2000-03-12,2.0,0.0,0.8848992646658617,0.5457134562251239,2.3978952727983707,2.3978952727983707
Spain,2004-03-14,1.1204384179127191,1.652296769685364,12.0,12.0,Spain,2004,2004-03-14,2.0,0.0,0.11372005327749495,0.50216630163166,2.4849066497880004,2.4849066497880004
Spain,2008-03-09,0.6980070851190907,1.3313115674736897,11.0,11.0,Spain,2008,2008-03-09,2.0,0.0,-0.3595260256708651,0.28616459727375887,2.3978952727983707,2.3978952727983707
Spain,2011-11-20,2.2463375919617823,2.0298307647076768,13.0,13.0,Spain,2011,2011-11-20,2.0,0.0,0.8093011531074017,0.7079524224393874,2.5649493574615367,2.5649493574615367
Spain,2015-12-20,2.5740549345115418,1.574910896212278,13.0,13.0,Spain,2015,2015-12-20,2.0,0.0,0.9454824510252721,0.4541986968437624,2.5649493574615367,2.5649493574615367
Spain,2016-06-26,2.130119451297589,1.6721793275311443,13.0,13.0,Spain,2016,2016-06-26,2.0,0.0,0.7561780585702891,0.5141277622193857,2.5649493574615367,2.5649493574615367
Sweden,1948-09-19,7.606741758846302,2.4662380167704017,5.0,5.0,,,,,,2.029034927607492,0.9026939194560724,1.6094379124341003,1.6094379124341003
Sweden,1952-09-21,4.201131114258977,2.312844803607984,5.0,5.0,,,,,,1.4353538019499121,0.8384782835524194,1.6094379124341003,1.6094379124341003
Sweden,1956-09-26,7.496297066064459,2.5918601493529874,5.0,5.0,,,,,,2.0144091740954404,0.952375822309492,1.6094379124341003,1.6094379124341003
Sweden,1958-06-01,8.051652127915784,4.885122681900923,5.0,5.0,,,,,,2.085877303654467,1.586194399181631,1.6094379124341003,1.6094379124341003
Sweden,1960-09-18,5.0515396742943635,3.656794437312905,5.0,5.0,Sweden,1960,1960-09-18,2.0,0.0,1.6196930828178608,1.2965869268443766,1.6094379124341003,1.6094379124341003
Sweden,1964-09-20,12.822743727213581,6.272582168370409,5.0,5.0,Sweden,1964,1964-09-20,2.0,0.0,2.551220447877095,1.8361880989526962,1.6094379124341003,1.6094379124341003
Sweden,1968-09-15,5.064416489895932,4.175815136908164,5.0,5.0,Sweden,1968,1968-09-15,2.0,0.0,1.6222389267000337,1.42930958161872,1.6094379124341003,1.6094379124341003
Sweden,1970-09-20,6.047835567756621,4.536350597610922,5.0,5.0,Sweden,1970,1970-09-20,2.0,0.0,1.799700450636706,1.5121228556808264,1.6094379124341003,1.6094379124341003
Sweden,1973-09-16,4.807163865992681,2.0387573020510725,5.0,5.0,Sweden,1973,1973-09-16,2.0,0.0,1.5701072773661044,0.7123404565780999,1.6094379124341003,1.6094379124341003
Sweden,1976-09-19,4.517597424508857,2.9159035517490945,5.0,5.0,Sweden,1976,1976-09-19,2.0,0.0,1.507980309274693,1.0701797380675437,1.6094379124341003,1.6094379124341003
Sweden,1979-09-16,5.970811753751104,2.5710579762293553,5.0,5.0,Sweden,1979,1979-09-16,2.0,0.0,1.786882890313749,0.9443174780992644,1.6094379124341003,1.6094379124341003
Sweden,1982-09-19,6.234879972258879,1.5810373314211401,5.0,5.0,Sweden,1982,1982-09-19,2.0,0.0,1.8301593283065882,0.45808117048565394,1.6094379124341003,1.6094379124341003
Sweden,1985-09-15,7.427062170854499,1.5731200771814051,6.0,6.0,Sweden,1985,1985-09-15,2.0,0.0,2.005130379576386,0.45306095757805276,1.791759469228055,1.791759469228055
Sweden,1988-09-18,3.5810860594178076,1.6287347558431795,6.0,6.0,Sweden,1988,1988-09-18,2.0,0.0,1.2756661229581343,0.48780348999219997,1.791759469228055,1.791759469228055
Sweden,1991-09-15,4.394704570135304,1.0218677042947768,8.0,8.0,Sweden,1991,1991-09-15,2.0,0.0,1.4804003093409015,0.021632035549947443,2.0794415416798357,2.0794415416798357
Sweden,1994-09-18,4.529875457901873,1.5612704538014104,7.0,7.0,Sweden,1994,1994-09-18,2.0,0.0,1.510694446380117,0.4454998832854677,1.9459101490553132,1.9459101490553132
Sweden,1998-09-21,5.141225933261948,1.8794277959298296,7.0,7.0,,,,,,1.6372915594451845,0.6309673666466634,1.9459101490553132,1.9459101490553132
Sweden,2002-09-15,4.8138100193275015,2.158146464500293,7.0,7.0,Sweden,2002,2002-09-15,2.0,0.0,1.5714888743793025,0.7692497350149093,1.9459101490553132,1.9459101490553132
Sweden,2006-09-17,4.597121776189865,2.8750478437623253,7.0,7.0,Sweden,2006,2006-09-17,2.0,0.0,1.5254304068343032,1.0560693154194836,1.9459101490553132,1.9459101490553132
Sweden,2010-09-19,2.670827095845094,1.631805356510449,8.0,8.0,Sweden,2010,2010-09-19,2.0,0.0,0.9823881981669386,0.48968698258497195,2.0794415416798357,2.0794415416798357
Sweden,2014-09-14,3.5245090929701255,3.039517503743593,8.0,8.0,Sweden,2014,2014-09-14,2.0,0.0,1.259741162160406,1.1116987869476151,2.0794415416798357,2.0794415416798357
Sweden,2018-09-09,2.4106850707283867,1.4013859668336317,8.0,8.0,,,,,,0.8799109688208814,0.3374617232275728,2.0794415416798357,2.0794415416798357
Switzerland,1947-10-26,2.2013432710241942,1.2567269002495702,5.0,5.0,,,,,,0.7890677517757938,0.2285106428762246,1.6094379124341003,1.6094379124341003
Switzerland,1951-10-28,3.4797574024670026,1.6048763713363685,5.0,5.0,,,,,,1.2469625794216237,0.4730467264104769,1.6094379124341003,1.6094379124341003
Switzerland,1955-10-30,4.298163243746915,3.105608211055377,5.0,5.0,,,,,,1.4581877788268534,1.1332095773804842,1.6094379124341003,1.6094379124341003
Switzerland,1959-10-25,1.19808055592622,1.5443593392400883,5.0,5.0,,,,,,0.18072073944114597,0.4346091571929891,1.6094379124341003,1.6094379124341003
Switzerland,1963-10-27,1.6483488454252484,1.42962541871705,5.0,5.0,Switzerland,1963,1963-10-27,2.0,0.0,0.499774087135944,0.3574124650051325,1.6094379124341003,1.6094379124341003
Switzerland,1967-10-29,3.3009868770842896,2.892988465611129,5.0,5.0,Switzerland,1967,1967-10-29,2.0,0.0,1.1942214774267073,1.062290038986786,1.6094379124341003,1.6094379124341003
Switzerland,1971-10-31,2.6310544348570177,2.205364587533479,7.0,7.0,Switzerland,1971,1971-10-31,2.0,0.0,0.967384691641547,0.7908928410508678,1.9459101490553132,1.9459101490553132
Switzerland,1975-10-26,3.2553788721212067,1.7678842691489407,7.0,7.0,Switzerland,1975,1975-10-26,2.0,0.0,1.180308665851972,0.5697835034467775,1.9459101490553132,1.9459101490553132
Switzerland,1979-10-21,2.9175346842099277,1.625767318278909,8.0,8.0,Switzerland,1979,1979-10-21,2.0,0.0,1.07073897344036,0.4859799001962604,2.0794415416798357,2.0794415416798357
Switzerland,1983-10-23,3.4445803880549524,1.8138807913808752,8.0,8.0,Switzerland,1983,1983-10-23,2.0,0.0,1.2368020938699305,0.5954686336465025,2.0794415416798357,2.0794415416798357
Switzerland,1987-10-18,5.239448172892848,1.668153051321265,9.0,9.0,Switzerland,1987,1987-10-18,2.0,0.0,1.6562161822707768,0.511717057113953,2.1972245773362196,2.1972245773362196
Switzerland,1991-10-20,5.0217950246693,2.1055071996981036,12.0,12.0,Switzerland,1991,1991-10-20,2.0,0.0,1.6137874444243825,0.7445563880859076,2.4849066497880004,2.4849066497880004
Switzerland,1995-10-22,5.621535240260313,3.178670788963707,12.0,12.0,Switzerland,1995,1995-10-22,2.0,0.0,1.7266048010238038,1.1564631185176257,2.4849066497880004,2.4849066497880004
Switzerland,1999-10-24,4.5414473838512635,1.630723774517036,11.0,11.0,Switzerland,1999,1999-10-24,2.0,0.0,1.5132457682607952,0.4890239497110277,2.3978952727983707,2.3978952727983707
Switzerland,2003-10-19,5.0367468653145275,1.3786757692663785,10.0,10.0,Switzerland,2003,2003-10-19,2.0,0.0,1.6167604104509596,0.32112345098216394,2.302585092994046,2.302585092994046
Switzerland,2007-10-21,4.697299838224844,1.9059066881672606,11.0,11.0,Switzerland,2007,2007-10-21,2.0,0.0,1.5469878411208635,0.6449578471433731,2.3978952727983707,2.3978952727983707
Switzerland,2011-10-23,4.545873715670136,2.1261813062772594,11.0,11.0,Switzerland,2011,2011-10-23,2.0,0.0,1.514219945825438,0.7543275567526615,2.3978952727983707,2.3978952727983707
Switzerland,2015-10-18,6.053083324882221,2.1657959681637435,10.0,10.0,Switzerland,2015,2015-10-18,2.0,0.0,1.8005677826965494,0.7727879466182694,2.302585092994046,2.302585092994046
United Kingdom,1945-07-05,4.213094467539901,1.1886861827642794,3.0,3.0,,,,,,1.4381974056127826,0.17284864911613862,1.0986122886681098,1.0986122886681098
United Kingdom,1950-02-23,4.577958000111392,0.8680483387238995,3.0,3.0,,,,,,1.5212530472006964,-0.141507876098327,1.0986122886681098,1.0986122886681098
United Kingdom,1951-10-25,3.3698153011619207,0.7726164616001501,3.0,3.0,,,,,,1.214857936085446,-0.25797252222034067,1.0986122886681098,1.0986122886681098
United Kingdom,1955-05-26,3.9777163533246167,3.311827958663563,3.0,3.0,,,,,,1.380707874049575,1.197500290325875,1.0986122886681098,1.0986122886681098
United Kingdom,1959-10-08,1.9258417343657621,1.201567207191084,3.0,3.0,,,,,,0.6553631367730298,0.1836267107025021,1.0986122886681098,1.0986122886681098
United Kingdom,1964-10-15,1.4557821876911232,0.26621672817690406,3.0,3.0,United Kingdom,1964,1964-10-15,0.0,0.0,0.375543342217855,-1.323444534361015,1.0986122886681098,1.0986122886681098
United Kingdom,1966-03-31,2.147852940229103,1.0870899767498339,3.0,3.0,United Kingdom,1966,1966-03-31,0.0,0.0,0.7644687107223882,0.08350438001222159,1.0986122886681098,1.0986122886681098
United Kingdom,1970-06-18,0.16652864251816027,1.7896222127125871,3.0,3.0,United Kingdom,1970,1970-06-18,0.0,0.0,-1.792587957220512,0.58200454322705,1.0986122886681098,1.0986122886681098
United Kingdom,1974-02-28,4.789417699780387,3.541033995522283,3.0,3.0,,,,,,1.5664088382252497,1.2644187736265462,1.0986122886681098,1.0986122886681098
United Kingdom,1974-10-10,3.0210422636711978,2.266110513900588,3.0,3.0,United Kingdom,1974,1974-10-10,0.0,0.0,1.105601892267351,0.8180649318934439,1.0986122886681098,1.0986122886681098
United Kingdom,1979-05-03,3.8796868285805752,0.7801549806099135,3.0,3.0,United Kingdom,1979,1979-05-03,0.0,0.0,1.3557544360942522,-0.2482626859457245,1.0986122886681098,1.0986122886681098
United Kingdom,1983-06-09,4.299028472214976,1.5816093447976098,4.0,4.0,United Kingdom,1983,1983-06-09,0.0,0.0,1.4583890604777852,0.4584429013024462,1.3862943611198906,1.3862943611198906
United Kingdom,1987-06-11,2.8095527204248234,0.4363589954123726,4.0,4.0,United Kingdom,1987,1987-06-11,0.0,0.0,1.0330252964500513,-0.8292899904543956,1.3862943611198906,1.3862943611198906
United Kingdom,1992-04-09,2.2752308426683263,0.5556510660887255,6.0,6.0,United Kingdom,1992,1992-04-09,0.0,0.0,0.8220815165600108,-0.5876147607187839,1.791759469228055,1.791759469228055
United Kingdom,1997-05-01,1.1007998825467287,0.8260992602726079,7.0,7.0,United Kingdom,1997,1997-05-01,0.0,0.0,0.09603708149883389,-0.19104034285941435,1.9459101490553132,1.9459101490553132
United Kingdom,2001-06-07,0.8774520117661182,1.6121362306035558,8.0,8.0,United Kingdom,2001,2001-06-07,0.0,0.0,-0.13073301258354822,0.4775601508136149,2.0794415416798357,2.0794415416798357
United Kingdom,2005-05-05,0.8454664711593846,0.4195410058183051,3.0,3.0,United Kingdom,2005,2005-05-05,0.0,0.0,-0.167866767066254,-0.868594008583121,1.0986122886681098,1.0986122886681098
United Kingdom,2010-05-06,0.95236835744216,0.6484982076510492,3.0,3.0,United Kingdom,2010,2010-05-06,0.0,0.0,-0.04880338894261096,-0.43309603906746996,1.0986122886681098,1.0986122886681098
United Kingdom,2015-05-07,2.7771989606179592,1.811774755565918,11.0,11.0,United Kingdom,2015,2015-05-07,0.0,0.0,1.0214428516415315,0.5943068928111952,2.3978952727983707,2.3978952727983707
United Kingdom,2017-06-08,3.0753417508504626,2.469462413749638,9.0,9.0,United Kingdom,2017,2017-06-08,0.0,0.0,1.1234160335710124,0.9040004806962952,2.1972245773362196,2.1972245773362196
