id,round,playerinvestment,playerrole,Session,groupid_in_subsession,playerdownloaded_files,playercollected_tokens,groupbandwidth,nvst,pstn,rnd,dwnld,pyff,grp,idrnd,grprnd,dwnldpyff,bndwdth,grpnvst,grpdwnldpyff,shrnvst,shrdwnld,shr,pstnshr,pstnshrnvst
1,3,8,A,1,1,2,8,6,8.0,1,1.0,2.0,10.0,101,101.0,10101.0,8.0,6.0,8.0,8.0,1.0,1.0,,,1.0
1,4,2,A,1,1,1,0,10,2.0,1,2.0,1.0,8.0,101,102.0,10102.0,0.0,10.0,2.0,0.0,1.0,0.2,1.0,1.0,1.0
1,5,6,A,1,1,3,0,20,6.0,1,3.0,3.0,4.0,101,103.0,10103.0,0.0,20.0,6.0,0.0,1.0,0.2,0.2,0.2,1.0
1,6,6,A,1,1,1,8,8,6.0,1,4.0,1.0,12.0,101,104.0,10104.0,8.0,8.0,6.0,8.0,1.0,1.0,0.2,0.2,1.0
1,7,5,A,1,1,5,0,10,5.0,1,5.0,5.0,5.0,101,105.0,10105.0,0.0,10.0,5.0,0.0,1.0,0.2,1.0,1.0,1.0
1,8,6,A,1,1,5,0,9,6.0,1,6.0,5.0,4.0,101,106.0,10106.0,0.0,9.0,6.0,0.0,1.0,0.2,0.2,0.2,1.0
1,9,6,A,1,1,1,9,13,6.0,1,7.0,1.0,13.0,101,107.0,10107.0,9.0,13.0,6.0,9.0,1.0,1.0,0.2,0.2,1.0
1,10,8,A,1,1,1,10,11,8.0,1,8.0,1.0,12.0,101,108.0,10108.0,10.0,11.0,8.0,10.0,1.0,1.0,1.0,1.0,1.0
1,11,8,A,1,1,3,1,12,8.0,1,9.0,3.0,3.0,101,109.0,10109.0,1.0,12.0,8.0,1.0,1.0,1.0,1.0,1.0,1.0
1,12,9,A,1,1,2,4,18,9.0,1,10.0,2.0,5.0,101,110.0,10110.0,4.0,18.0,9.0,4.0,1.0,1.0,1.0,1.0,1.0
2,3,8,B,1,2,2,5,13,8.0,2,1.0,2.0,7.0,102,201.0,10201.0,5.0,13.0,8.0,5.0,1.0,1.0,,,2.0
2,4,0,B,1,2,2,0,12,0.0,2,2.0,2.0,10.0,102,202.0,10202.0,0.0,12.0,0.0,0.0,0.2,0.2,1.0,2.0,0.4
2,5,4,B,1,2,3,10,13,4.0,2,3.0,3.0,16.0,102,203.0,10203.0,10.0,13.0,4.0,10.0,1.0,1.0,0.2,0.4,2.0
2,6,0,B,1,2,5,4,13,0.0,2,4.0,5.0,14.0,102,204.0,10204.0,4.0,13.0,0.0,4.0,0.2,1.0,1.0,2.0,0.4
2,7,5,B,1,2,3,9,12,5.0,2,5.0,3.0,14.0,102,205.0,10205.0,9.0,12.0,5.0,9.0,1.0,1.0,1.0,2.0,2.0
2,8,7,B,1,2,1,2,8,7.0,2,6.0,1.0,5.0,102,206.0,10206.0,2.0,8.0,7.0,2.0,1.0,1.0,1.0,2.0,2.0
2,9,3,B,1,2,5,3,15,3.0,2,7.0,5.0,10.0,102,207.0,10207.0,3.0,15.0,3.0,3.0,1.0,1.0,1.0,2.0,2.0
2,10,0,B,1,2,1,1,7,0.0,2,8.0,1.0,11.0,102,208.0,10208.0,1.0,7.0,0.0,1.0,0.2,1.0,1.0,2.0,0.4
2,11,4,B,1,2,2,5,10,4.0,2,9.0,2.0,11.0,102,209.0,10209.0,5.0,10.0,4.0,5.0,1.0,1.0,1.0,2.0,2.0
2,12,5,B,1,2,0,5,6,5.0,2,10.0,0.0,10.0,102,210.0,10210.0,5.0,6.0,5.0,5.0,1.0,1.0,1.0,2.0,2.0
3,3,5,C,1,3,3,5,8,5.0,3,1.0,3.0,10.0,103,301.0,10301.0,5.0,8.0,5.0,5.0,1.0,1.0,,,3.0
3,4,0,C,1,3,0,6,19,0.0,3,2.0,0.0,16.0,103,302.0,10302.0,6.0,19.0,0.0,6.0,0.2,1.0,1.0,3.0,0.6000000000000001
3,5,5,C,1,3,4,10,6,5.0,3,3.0,4.0,15.0,103,303.0,10303.0,10.0,6.0,5.0,10.0,1.0,1.0,1.0,3.0,3.0
3,6,2,C,1,3,3,7,14,2.0,3,4.0,3.0,15.0,103,304.0,10304.0,7.0,14.0,2.0,7.0,1.0,1.0,1.0,3.0,3.0
3,7,3,C,1,3,5,7,19,3.0,3,5.0,5.0,14.0,103,305.0,10305.0,7.0,19.0,3.0,7.0,1.0,1.0,1.0,3.0,3.0
3,8,5,C,1,3,4,1,13,5.0,3,6.0,4.0,6.0,103,306.0,10306.0,1.0,13.0,5.0,1.0,1.0,1.0,1.0,3.0,3.0
3,9,6,C,1,3,5,9,6,6.0,3,7.0,5.0,13.0,103,307.0,10307.0,9.0,6.0,6.0,9.0,1.0,1.0,1.0,3.0,3.0
3,10,6,C,1,3,1,10,16,6.0,3,8.0,1.0,14.0,103,308.0,10308.0,10.0,16.0,6.0,10.0,1.0,1.0,1.0,3.0,3.0
3,11,3,C,1,3,2,5,9,3.0,3,9.0,2.0,12.0,103,309.0,10309.0,5.0,9.0,3.0,5.0,1.0,1.0,1.0,3.0,3.0
3,12,7,C,1,3,1,3,14,7.0,3,10.0,1.0,6.0,103,310.0,10310.0,3.0,14.0,7.0,3.0,1.0,1.0,1.0,3.0,3.0
4,3,3,D,1,4,2,2,12,3.0,4,1.0,2.0,9.0,104,401.0,10401.0,2.0,12.0,3.0,2.0,1.0,1.0,,,4.0
4,4,8,D,1,4,1,2,6,8.0,4,2.0,1.0,4.0,104,402.0,10402.0,2.0,6.0,8.0,2.0,1.0,1.0,1.0,4.0,4.0
4,5,9,D,1,4,1,3,16,9.0,4,3.0,1.0,4.0,104,403.0,10403.0,3.0,16.0,9.0,3.0,1.0,1.0,1.0,4.0,4.0
4,6,4,D,1,4,0,9,9,4.0,4,4.0,0.0,15.0,104,404.0,10404.0,9.0,9.0,4.0,9.0,1.0,1.0,1.0,4.0,4.0
4,7,10,D,1,4,3,0,6,10.0,4,5.0,3.0,0.0,104,405.0,10405.0,0.0,6.0,10.0,0.0,1.0,0.2,1.0,4.0,4.0
4,8,5,D,1,4,4,9,10,5.0,4,6.0,4.0,14.0,104,406.0,10406.0,9.0,10.0,5.0,9.0,1.0,1.0,0.2,0.8,4.0
4,9,8,D,1,4,5,1,9,8.0,4,7.0,5.0,3.0,104,407.0,10407.0,1.0,9.0,8.0,1.0,1.0,1.0,1.0,4.0,4.0
4,10,4,D,1,4,3,3,12,4.0,4,8.0,3.0,9.0,104,408.0,10408.0,3.0,12.0,4.0,3.0,1.0,1.0,1.0,4.0,4.0
4,11,9,D,1,4,1,8,6,9.0,4,9.0,1.0,9.0,104,409.0,10409.0,8.0,6.0,9.0,8.0,1.0,1.0,1.0,4.0,4.0
4,12,9,D,1,4,0,8,17,9.0,4,10.0,0.0,9.0,104,410.0,10410.0,8.0,17.0,9.0,8.0,1.0,1.0,1.0,4.0,4.0
5,3,5,E,1,5,5,6,10,5.0,5,1.0,5.0,11.0,105,501.0,10501.0,6.0,10.0,5.0,6.0,1.0,1.0,,,5.0
5,4,1,E,1,5,1,0,18,1.0,5,2.0,1.0,9.0,105,502.0,10502.0,0.0,18.0,1.0,0.0,1.0,0.2,1.0,5.0,5.0
5,5,2,E,1,5,3,0,19,2.0,5,3.0,3.0,8.0,105,503.0,10503.0,0.0,19.0,2.0,0.0,1.0,0.2,0.2,1.0,5.0
5,6,2,E,1,5,0,6,19,2.0,5,4.0,0.0,14.0,105,504.0,10504.0,6.0,19.0,2.0,6.0,1.0,1.0,0.2,1.0,5.0
5,7,2,E,1,5,4,9,9,2.0,5,5.0,4.0,17.0,105,505.0,10505.0,9.0,9.0,2.0,9.0,1.0,1.0,1.0,5.0,5.0
5,8,9,E,1,5,0,0,12,9.0,5,6.0,0.0,1.0,105,506.0,10506.0,0.0,12.0,9.0,0.0,1.0,0.2,1.0,5.0,5.0
5,9,0,E,1,5,2,3,14,0.0,5,7.0,2.0,13.0,105,507.0,10507.0,3.0,14.0,0.0,3.0,0.2,1.0,0.2,1.0,1.0
5,10,10,E,1,5,5,7,10,10.0,5,8.0,5.0,7.0,105,508.0,10508.0,7.0,10.0,10.0,7.0,1.0,1.0,1.0,5.0,5.0
5,11,4,E,1,5,1,7,9,4.0,5,9.0,1.0,13.0,105,509.0,10509.0,7.0,9.0,4.0,7.0,1.0,1.0,1.0,5.0,5.0
5,12,5,E,1,5,4,3,8,5.0,5,10.0,4.0,8.0,105,510.0,10510.0,3.0,8.0,5.0,3.0,1.0,1.0,1.0,5.0,5.0
6,3,7,A,2,1,3,4,9,7.0,1,1.0,3.0,7.0,201,601.0,20101.0,4.0,9.0,7.0,4.0,1.0,1.0,,,1.0
6,4,6,A,2,1,3,6,12,6.0,1,2.0,3.0,10.0,201,602.0,20102.0,6.0,12.0,6.0,6.0,1.0,1.0,1.0,1.0,1.0
6,5,3,A,2,1,0,10,5,3.0,1,3.0,0.0,17.0,201,603.0,20103.0,10.0,5.0,3.0,10.0,1.0,1.0,1.0,1.0,1.0
6,6,9,A,2,1,2,7,10,9.0,1,4.0,2.0,8.0,201,604.0,20104.0,7.0,10.0,9.0,7.0,1.0,1.0,1.0,1.0,1.0
6,7,7,A,2,1,1,7,14,7.0,1,5.0,1.0,10.0,201,605.0,20105.0,7.0,14.0,7.0,7.0,1.0,1.0,1.0,1.0,1.0
6,8,1,A,2,1,3,8,7,1.0,1,6.0,3.0,17.0,201,606.0,20106.0,8.0,7.0,1.0,8.0,1.0,1.0,1.0,1.0,1.0
6,9,5,A,2,1,4,5,16,5.0,1,7.0,4.0,10.0,201,607.0,20107.0,5.0,16.0,5.0,5.0,1.0,1.0,1.0,1.0,1.0
6,10,8,A,2,1,4,7,14,8.0,1,8.0,4.0,9.0,201,608.0,20108.0,7.0,14.0,8.0,7.0,1.0,1.0,1.0,1.0,1.0
6,11,1,A,2,1,2,4,12,1.0,1,9.0,2.0,13.0,201,609.0,20109.0,4.0,12.0,1.0,4.0,1.0,1.0,1.0,1.0,1.0
6,12,2,A,2,1,2,2,9,2.0,1,10.0,2.0,10.0,201,610.0,20110.0,2.0,9.0,2.0,2.0,1.0,1.0,1.0,1.0,1.0
7,3,4,B,2,2,1,1,17,4.0,2,1.0,1.0,7.0,202,701.0,20201.0,1.0,17.0,4.0,1.0,1.0,1.0,,,2.0
7,4,10,B,2,2,5,6,14,10.0,2,2.0,5.0,6.0,202,702.0,20202.0,6.0,14.0,10.0,6.0,1.0,1.0,1.0,2.0,2.0
7,5,8,B,2,2,1,7,12,8.0,2,3.0,1.0,9.0,202,703.0,20203.0,7.0,12.0,8.0,7.0,1.0,1.0,1.0,2.0,2.0
7,6,1,B,2,2,0,6,12,1.0,2,4.0,0.0,15.0,202,704.0,20204.0,6.0,12.0,1.0,6.0,1.0,1.0,1.0,2.0,2.0
7,7,10,B,2,2,3,6,10,10.0,2,5.0,3.0,6.0,202,705.0,20205.0,6.0,10.0,10.0,6.0,1.0,1.0,1.0,2.0,2.0
7,8,7,B,2,2,1,7,12,7.0,2,6.0,1.0,10.0,202,706.0,20206.0,7.0,12.0,7.0,7.0,1.0,1.0,1.0,2.0,2.0
7,9,4,B,2,2,5,1,16,4.0,2,7.0,5.0,7.0,202,707.0,20207.0,1.0,16.0,4.0,1.0,1.0,1.0,1.0,2.0,2.0
7,10,6,B,2,2,0,8,13,6.0,2,8.0,0.0,12.0,202,708.0,20208.0,8.0,13.0,6.0,8.0,1.0,1.0,1.0,2.0,2.0
7,11,2,B,2,2,2,6,20,2.0,2,9.0,2.0,14.0,202,709.0,20209.0,6.0,20.0,2.0,6.0,1.0,1.0,1.0,2.0,2.0
7,12,10,B,2,2,2,0,11,10.0,2,10.0,2.0,0.0,202,710.0,20210.0,0.0,11.0,10.0,0.0,1.0,0.2,1.0,2.0,2.0
8,3,7,C,2,3,3,3,17,7.0,3,1.0,3.0,6.0,203,801.0,20301.0,3.0,17.0,7.0,3.0,1.0,1.0,,,3.0
8,4,9,C,2,3,3,0,10,9.0,3,2.0,3.0,1.0,203,802.0,20302.0,0.0,10.0,9.0,0.0,1.0,0.2,1.0,3.0,3.0
8,5,6,C,2,3,0,8,16,6.0,3,3.0,0.0,12.0,203,803.0,20303.0,8.0,16.0,6.0,8.0,1.0,1.0,0.2,0.6000000000000001,3.0
8,6,1,C,2,3,1,2,15,1.0,3,4.0,1.0,11.0,203,804.0,20304.0,2.0,15.0,1.0,2.0,1.0,1.0,1.0,3.0,3.0
8,7,5,C,2,3,0,3,9,5.0,3,5.0,0.0,8.0,203,805.0,20305.0,3.0,9.0,5.0,3.0,1.0,1.0,1.0,3.0,3.0
8,8,0,C,2,3,5,9,18,0.0,3,6.0,5.0,19.0,203,806.0,20306.0,9.0,18.0,0.0,9.0,0.2,1.0,1.0,3.0,0.6000000000000001
8,9,10,C,2,3,4,0,6,10.0,3,7.0,4.0,0.0,203,807.0,20307.0,0.0,6.0,10.0,0.0,1.0,0.2,1.0,3.0,3.0
8,10,0,C,2,3,1,6,20,0.0,3,8.0,1.0,16.0,203,808.0,20308.0,6.0,20.0,0.0,6.0,0.2,1.0,0.2,0.6000000000000001,0.6000000000000001
8,11,1,C,2,3,2,9,19,1.0,3,9.0,2.0,18.0,203,809.0,20309.0,9.0,19.0,1.0,9.0,1.0,1.0,1.0,3.0,3.0
8,12,9,C,2,3,4,9,15,9.0,3,10.0,4.0,10.0,203,810.0,20310.0,9.0,15.0,9.0,9.0,1.0,1.0,1.0,3.0,3.0
9,3,6,D,2,4,3,5,5,6.0,4,1.0,3.0,9.0,204,901.0,20401.0,5.0,5.0,6.0,5.0,1.0,1.0,,,4.0
9,4,8,D,2,4,2,4,17,8.0,4,2.0,2.0,6.0,204,902.0,20402.0,4.0,17.0,8.0,4.0,1.0,1.0,1.0,4.0,4.0
9,5,4,D,2,4,2,9,15,4.0,4,3.0,2.0,15.0,204,903.0,20403.0,9.0,15.0,4.0,9.0,1.0,1.0,1.0,4.0,4.0
9,6,3,D,2,4,0,2,14,3.0,4,4.0,0.0,9.0,204,904.0,20404.0,2.0,14.0,3.0,2.0,1.0,1.0,1.0,4.0,4.0
9,7,9,D,2,4,0,6,20,9.0,4,5.0,0.0,7.0,204,905.0,20405.0,6.0,20.0,9.0,6.0,1.0,1.0,1.0,4.0,4.0
9,8,0,D,2,4,4,5,6,0.0,4,6.0,4.0,15.0,204,906.0,20406.0,5.0,6.0,0.0,5.0,0.2,1.0,1.0,4.0,0.8
9,9,0,D,2,4,2,2,8,0.0,4,7.0,2.0,12.0,204,907.0,20407.0,2.0,8.0,0.0,2.0,0.2,1.0,1.0,4.0,0.8
9,10,6,D,2,4,0,1,6,6.0,4,8.0,0.0,5.0,204,908.0,20408.0,1.0,6.0,6.0,1.0,1.0,1.0,1.0,4.0,4.0
9,11,6,D,2,4,0,10,14,6.0,4,9.0,0.0,14.0,204,909.0,20409.0,10.0,14.0,6.0,10.0,1.0,1.0,1.0,4.0,4.0
9,12,1,D,2,4,0,4,5,1.0,4,10.0,0.0,13.0,204,910.0,20410.0,4.0,5.0,1.0,4.0,1.0,1.0,1.0,4.0,4.0
10,3,5,E,2,5,0,7,16,5.0,5,1.0,0.0,12.0,205,1001.0,20501.0,7.0,16.0,5.0,7.0,1.0,1.0,,,5.0
10,4,5,E,2,5,2,10,7,5.0,5,2.0,2.0,15.0,205,1002.0,20502.0,10.0,7.0,5.0,10.0,1.0,1.0,1.0,5.0,5.0
10,5,1,E,2,5,2,1,6,1.0,5,3.0,2.0,10.0,205,1003.0,20503.0,1.0,6.0,1.0,1.0,1.0,1.0,1.0,5.0,5.0
10,6,9,E,2,5,5,2,20,9.0,5,4.0,5.0,3.0,205,1004.0,20504.0,2.0,20.0,9.0,2.0,1.0,1.0,1.0,5.0,5.0
10,7,7,E,2,5,2,3,19,7.0,5,5.0,2.0,6.0,205,1005.0,20505.0,3.0,19.0,7.0,3.0,1.0,1.0,1.0,5.0,5.0
10,8,5,E,2,5,5,4,12,5.0,5,6.0,5.0,9.0,205,1006.0,20506.0,4.0,12.0,5.0,4.0,1.0,1.0,1.0,5.0,5.0
10,9,10,E,2,5,3,8,12,10.0,5,7.0,3.0,8.0,205,1007.0,20507.0,8.0,12.0,10.0,8.0,1.0,1.0,1.0,5.0,5.0
10,10,7,E,2,5,5,3,6,7.0,5,8.0,5.0,6.0,205,1008.0,20508.0,3.0,6.0,7.0,3.0,1.0,1.0,1.0,5.0,5.0
10,11,2,E,2,5,3,0,9,2.0,5,9.0,3.0,8.0,205,1009.0,20509.0,0.0,9.0,2.0,0.0,1.0,0.2,1.0,5.0,5.0
10,12,3,E,2,5,4,4,20,3.0,5,10.0,4.0,11.0,205,1010.0,20510.0,4.0,20.0,3.0,4.0,1.0,1.0,0.2,1.0,5.0
11,3,9,A,3,1,3,5,5,9.0,1,1.0,3.0,6.0,301,1101.0,30101.0,5.0,5.0,9.0,5.0,1.0,1.0,,,1.0
11,4,1,A,3,1,2,0,15,1.0,1,2.0,2.0,9.0,301,1102.0,30102.0,0.0,15.0,1.0,0.0,1.0,0.2,1.0,1.0,1.0
11,5,0,A,3,1,2,5,13,0.0,1,3.0,2.0,15.0,301,1103.0,30103.0,5.0,13.0,0.0,5.0,0.2,1.0,0.2,0.2,0.2
11,6,8,A,3,1,1,8,5,8.0,1,4.0,1.0,10.0,301,1104.0,30104.0,8.0,5.0,8.0,8.0,1.0,1.0,1.0,1.0,1.0
11,7,9,A,3,1,0,6,13,9.0,1,5.0,0.0,7.0,301,1105.0,30105.0,6.0,13.0,9.0,6.0,1.0,1.0,1.0,1.0,1.0
11,8,1,A,3,1,3,2,5,1.0,1,6.0,3.0,11.0,301,1106.0,30106.0,2.0,5.0,1.0,2.0,1.0,1.0,1.0,1.0,1.0
11,9,0,A,3,1,2,6,6,0.0,1,7.0,2.0,16.0,301,1107.0,30107.0,6.0,6.0,0.0,6.0,0.2,1.0,1.0,1.0,0.2
11,10,9,A,3,1,1,5,16,9.0,1,8.0,1.0,6.0,301,1108.0,30108.0,5.0,16.0,9.0,5.0,1.0,1.0,1.0,1.0,1.0
11,11,7,A,3,1,2,6,16,7.0,1,9.0,2.0,9.0,301,1109.0,30109.0,6.0,16.0,7.0,6.0,1.0,1.0,1.0,1.0,1.0
11,12,0,A,3,1,5,6,5,0.0,1,10.0,5.0,16.0,301,1110.0,30110.0,6.0,5.0,0.0,6.0,0.2,1.0,1.0,1.0,0.2
12,3,5,B,3,2,5,10,6,5.0,2,1.0,5.0,15.0,302,1201.0,30201.0,10.0,6.0,5.0,10.0,1.0,1.0,,,2.0
12,4,6,B,3,2,5,7,15,6.0,2,2.0,5.0,11.0,302,1202.0,30202.0,7.0,15.0,6.0,7.0,1.0,1.0,1.0,2.0,2.0
12,5,3,B,3,2,4,10,14,3.0,2,3.0,4.0,17.0,302,1203.0,30203.0,10.0,14.0,3.0,10.0,1.0,1.0,1.0,2.0,2.0
12,6,6,B,3,2,2,6,18,6.0,2,4.0,2.0,10.0,302,1204.0,30204.0,6.0,18.0,6.0,6.0,1.0,1.0,1.0,2.0,2.0
12,7,6,B,3,2,3,9,17,6.0,2,5.0,3.0,13.0,302,1205.0,30205.0,9.0,17.0,6.0,9.0,1.0,1.0,1.0,2.0,2.0
12,8,5,B,3,2,1,3,10,5.0,2,6.0,1.0,8.0,302,1206.0,30206.0,3.0,10.0,5.0,3.0,1.0,1.0,1.0,2.0,2.0
12,9,3,B,3,2,0,2,14,3.0,2,7.0,0.0,9.0,302,1207.0,30207.0,2.0,14.0,3.0,2.0,1.0,1.0,1.0,2.0,2.0
12,10,5,B,3,2,1,5,14,5.0,2,8.0,1.0,10.0,302,1208.0,30208.0,5.0,14.0,5.0,5.0,1.0,1.0,1.0,2.0,2.0
12,11,8,B,3,2,3,6,7,8.0,2,9.0,3.0,8.0,302,1209.0,30209.0,6.0,7.0,8.0,6.0,1.0,1.0,1.0,2.0,2.0
12,12,2,B,3,2,4,4,10,2.0,2,10.0,4.0,12.0,302,1210.0,30210.0,4.0,10.0,2.0,4.0,1.0,1.0,1.0,2.0,2.0
13,3,6,C,3,3,1,1,11,6.0,3,1.0,1.0,5.0,303,1301.0,30301.0,1.0,11.0,6.0,1.0,1.0,1.0,,,3.0
13,4,6,C,3,3,1,0,8,6.0,3,2.0,1.0,4.0,303,1302.0,30302.0,0.0,8.0,6.0,0.0,1.0,0.2,1.0,3.0,3.0
13,5,5,C,3,3,1,8,20,5.0,3,3.0,1.0,13.0,303,1303.0,30303.0,8.0,20.0,5.0,8.0,1.0,1.0,0.2,0.6000000000000001,3.0
13,6,3,C,3,3,3,5,9,3.0,3,4.0,3.0,12.0,303,1304.0,30304.0,5.0,9.0,3.0,5.0,1.0,1.0,1.0,3.0,3.0
13,7,4,C,3,3,4,10,8,4.0,3,5.0,4.0,16.0,303,1305.0,30305.0,10.0,8.0,4.0,10.0,1.0,1.0,1.0,3.0,3.0
13,8,1,C,3,3,0,4,15,1.0,3,6.0,0.0,13.0,303,1306.0,30306.0,4.0,15.0,1.0,4.0,1.0,1.0,1.0,3.0,3.0
13,9,7,C,3,3,1,8,10,7.0,3,7.0,1.0,11.0,303,1307.0,30307.0,8.0,10.0,7.0,8.0,1.0,1.0,1.0,3.0,3.0
13,10,8,C,3,3,1,4,17,8.0,3,8.0,1.0,6.0,303,1308.0,30308.0,4.0,17.0,8.0,4.0,1.0,1.0,1.0,3.0,3.0
13,11,10,C,3,3,4,4,13,10.0,3,9.0,4.0,4.0,303,1309.0,30309.0,4.0,13.0,10.0,4.0,1.0,1.0,1.0,3.0,3.0
13,12,5,C,3,3,3,9,16,5.0,3,10.0,3.0,14.0,303,1310.0,30310.0,9.0,16.0,5.0,9.0,1.0,1.0,1.0,3.0,3.0
14,3,2,D,3,4,4,7,12,2.0,4,1.0,4.0,15.0,304,1401.0,30401.0,7.0,12.0,2.0,7.0,1.0,1.0,,,4.0
14,4,8,D,3,4,4,7,13,8.0,4,2.0,4.0,9.0,304,1402.0,30402.0,7.0,13.0,8.0,7.0,1.0,1.0,1.0,4.0,4.0
14,5,0,D,3,4,4,3,15,0.0,4,3.0,4.0,13.0,304,1403.0,30403.0,3.0,15.0,0.0,3.0,0.2,1.0,1.0,4.0,0.8
14,6,1,D,3,4,4,10,10,1.0,4,4.0,4.0,19.0,304,1404.0,30404.0,10.0,10.0,1.0,10.0,1.0,1.0,1.0,4.0,4.0
14,7,5,D,3,4,5,6,16,5.0,4,5.0,5.0,11.0,304,1405.0,30405.0,6.0,16.0,5.0,6.0,1.0,1.0,1.0,4.0,4.0
14,8,6,D,3,4,4,9,8,6.0,4,6.0,4.0,13.0,304,1406.0,30406.0,9.0,8.0,6.0,9.0,1.0,1.0,1.0,4.0,4.0
14,9,0,D,3,4,0,9,11,0.0,4,7.0,0.0,19.0,304,1407.0,30407.0,9.0,11.0,0.0,9.0,0.2,1.0,1.0,4.0,0.8
14,10,1,D,3,4,0,5,5,1.0,4,8.0,0.0,14.0,304,1408.0,30408.0,5.0,5.0,1.0,5.0,1.0,1.0,1.0,4.0,4.0
14,11,9,D,3,4,1,8,19,9.0,4,9.0,1.0,9.0,304,1409.0,30409.0,8.0,19.0,9.0,8.0,1.0,1.0,1.0,4.0,4.0
14,12,3,D,3,4,4,8,18,3.0,4,10.0,4.0,15.0,304,1410.0,30410.0,8.0,18.0,3.0,8.0,1.0,1.0,1.0,4.0,4.0
15,3,10,E,3,5,3,10,12,10.0,5,1.0,3.0,10.0,305,1501.0,30501.0,10.0,12.0,10.0,10.0,1.0,1.0,,,5.0
15,4,0,E,3,5,0,2,10,0.0,5,2.0,0.0,12.0,305,1502.0,30502.0,2.0,10.0,0.0,2.0,0.2,1.0,1.0,5.0,1.0
15,5,2,E,3,5,4,5,19,2.0,5,3.0,4.0,13.0,305,1503.0,30503.0,5.0,19.0,2.0,5.0,1.0,1.0,1.0,5.0,5.0
15,6,8,E,3,5,0,8,17,8.0,5,4.0,0.0,10.0,305,1504.0,30504.0,8.0,17.0,8.0,8.0,1.0,1.0,1.0,5.0,5.0
15,7,1,E,3,5,3,4,14,1.0,5,5.0,3.0,13.0,305,1505.0,30505.0,4.0,14.0,1.0,4.0,1.0,1.0,1.0,5.0,5.0
15,8,6,E,3,5,2,2,5,6.0,5,6.0,2.0,6.0,305,1506.0,30506.0,2.0,5.0,6.0,2.0,1.0,1.0,1.0,5.0,5.0
15,9,5,E,3,5,2,3,14,5.0,5,7.0,2.0,8.0,305,1507.0,30507.0,3.0,14.0,5.0,3.0,1.0,1.0,1.0,5.0,5.0
15,10,6,E,3,5,2,3,20,6.0,5,8.0,2.0,7.0,305,1508.0,30508.0,3.0,20.0,6.0,3.0,1.0,1.0,1.0,5.0,5.0
15,11,4,E,3,5,2,2,17,4.0,5,9.0,2.0,8.0,305,1509.0,30509.0,2.0,17.0,4.0,2.0,1.0,1.0,1.0,5.0,5.0
15,12,7,E,3,5,1,7,17,7.0,5,10.0,1.0,10.0,305,1510.0,30510.0,7.0,17.0,7.0,7.0,1.0,1.0,1.0,5.0,5.0
16,3,4,A,4,1,5,1,8,4.0,1,1.0,5.0,7.0,401,1601.0,40101.0,1.0,8.0,4.0,1.0,1.0,1.0,,,1.0
16,4,9,A,4,1,2,7,13,9.0,1,2.0,2.0,8.0,401,1602.0,40102.0,7.0,13.0,9.0,7.0,1.0,1.0,1.0,1.0,1.0
16,5,8,A,4,1,2,6,18,8.0,1,3.0,2.0,8.0,401,1603.0,40103.0,6.0,18.0,8.0,6.0,1.0,1.0,1.0,1.0,1.0
16,6,3,A,4,1,4,0,9,3.0,1,4.0,4.0,7.0,401,1604.0,40104.0,0.0,9.0,3.0,0.0,1.0,0.2,1.0,1.0,1.0
16,7,9,A,4,1,3,8,18,9.0,1,5.0,3.0,9.0,401,1605.0,40105.0,8.0,18.0,9.0,8.0,1.0,1.0,0.2,0.2,1.0
16,8,3,A,4,1,4,10,12,3.0,1,6.0,4.0,17.0,401,1606.0,40106.0,10.0,12.0,3.0,10.0,1.0,1.0,1.0,1.0,1.0
16,9,6,A,4,1,5,7,18,6.0,1,7.0,5.0,11.0,401,1607.0,40107.0,7.0,18.0,6.0,7.0,1.0,1.0,1.0,1.0,1.0
16,10,7,A,4,1,1,10,14,7.0,1,8.0,1.0,13.0,401,1608.0,40108.0,10.0,14.0,7.0,10.0,1.0,1.0,1.0,1.0,1.0
16,11,10,A,4,1,4,9,16,10.0,1,9.0,4.0,9.0,401,1609.0,40109.0,9.0,16.0,10.0,9.0,1.0,1.0,1.0,1.0,1.0
16,12,10,A,4,1,2,10,10,10.0,1,10.0,2.0,10.0,401,1610.0,40110.0,10.0,10.0,10.0,10.0,1.0,1.0,1.0,1.0,1.0
17,3,4,B,4,2,4,7,17,4.0,2,1.0,4.0,13.0,402,1701.0,40201.0,7.0,17.0,4.0,7.0,1.0,1.0,,,2.0
17,4,0,B,4,2,4,10,5,0.0,2,2.0,4.0,20.0,402,1702.0,40202.0,10.0,5.0,0.0,10.0,0.2,1.0,1.0,2.0,0.4
17,5,0,B,4,2,1,5,9,0.0,2,3.0,1.0,15.0,402,1703.0,40203.0,5.0,9.0,0.0,5.0,0.2,1.0,1.0,2.0,0.4
17,6,6,B,4,2,0,0,6,6.0,2,4.0,0.0,4.0,402,1704.0,40204.0,0.0,6.0,6.0,0.0,1.0,0.2,1.0,2.0,2.0
17,7,0,B,4,2,5,8,14,0.0,2,5.0,5.0,18.0,402,1705.0,40205.0,8.0,14.0,0.0,8.0,0.2,1.0,0.2,0.4,0.4
17,8,7,B,4,2,4,0,10,7.0,2,6.0,4.0,3.0,402,1706.0,40206.0,0.0,10.0,7.0,0.0,1.0,0.2,1.0,2.0,2.0
17,9,6,B,4,2,5,4,12,6.0,2,7.0,5.0,8.0,402,1707.0,40207.0,4.0,12.0,6.0,4.0,1.0,1.0,0.2,0.4,2.0
17,10,5,B,4,2,3,4,6,5.0,2,8.0,3.0,9.0,402,1708.0,40208.0,4.0,6.0,5.0,4.0,1.0,1.0,1.0,2.0,2.0
17,11,7,B,4,2,5,3,16,7.0,2,9.0,5.0,6.0,402,1709.0,40209.0,3.0,16.0,7.0,3.0,1.0,1.0,1.0,2.0,2.0
17,12,0,B,4,2,0,8,11,0.0,2,10.0,0.0,18.0,402,1710.0,40210.0,8.0,11.0,0.0,8.0,0.2,1.0,1.0,2.0,0.4
18,3,2,C,4,3,3,8,18,2.0,3,1.0,3.0,16.0,403,1801.0,40301.0,8.0,18.0,2.0,8.0,1.0,1.0,,,3.0
18,4,0,C,4,3,5,0,12,0.0,3,2.0,5.0,10.0,403,1802.0,40302.0,0.0,12.0,0.0,0.0,0.2,0.2,1.0,3.0,0.6000000000000001
18,5,5,C,4,3,1,2,5,5.0,3,3.0,1.0,7.0,403,1803.0,40303.0,2.0,5.0,5.0,2.0,1.0,1.0,0.2,0.6000000000000001,3.0
18,6,2,C,4,3,2,6,20,2.0,3,4.0,2.0,14.0,403,1804.0,40304.0,6.0,20.0,2.0,6.0,1.0,1.0,1.0,3.0,3.0
18,7,5,C,4,3,2,8,5,5.0,3,5.0,2.0,13.0,403,1805.0,40305.0,8.0,5.0,5.0,8.0,1.0,1.0,1.0,3.0,3.0
18,8,3,C,4,3,0,9,16,3.0,3,6.0,0.0,16.0,403,1806.0,40306.0,9.0,16.0,3.0,9.0,1.0,1.0,1.0,3.0,3.0
18,9,5,C,4,3,4,3,14,5.0,3,7.0,4.0,8.0,403,1807.0,40307.0,3.0,14.0,5.0,3.0,1.0,1.0,1.0,3.0,3.0
18,10,5,C,4,3,0,1,20,5.0,3,8.0,0.0,6.0,403,1808.0,40308.0,1.0,20.0,5.0,1.0,1.0,1.0,1.0,3.0,3.0
18,11,8,C,4,3,4,8,10,8.0,3,9.0,4.0,10.0,403,1809.0,40309.0,8.0,10.0,8.0,8.0,1.0,1.0,1.0,3.0,3.0
18,12,9,C,4,3,0,3,13,9.0,3,10.0,0.0,4.0,403,1810.0,40310.0,3.0,13.0,9.0,3.0,1.0,1.0,1.0,3.0,3.0
19,3,4,D,4,4,1,10,12,4.0,4,1.0,1.0,16.0,404,1901.0,40401.0,10.0,12.0,4.0,10.0,1.0,1.0,,,4.0
19,4,1,D,4,4,0,6,8,1.0,4,2.0,0.0,15.0,404,1902.0,40402.0,6.0,8.0,1.0,6.0,1.0,1.0,1.0,4.0,4.0
19,5,2,D,4,4,3,6,7,2.0,4,3.0,3.0,14.0,404,1903.0,40403.0,6.0,7.0,2.0,6.0,1.0,1.0,1.0,4.0,4.0
19,6,0,D,4,4,3,5,16,0.0,4,4.0,3.0,15.0,404,1904.0,40404.0,5.0,16.0,0.0,5.0,0.2,1.0,1.0,4.0,0.8
19,7,7,D,4,4,3,3,19,7.0,4,5.0,3.0,6.0,404,1905.0,40405.0,3.0,19.0,7.0,3.0,1.0,1.0,1.0,4.0,4.0
19,8,6,D,4,4,0,10,16,6.0,4,6.0,0.0,14.0,404,1906.0,40406.0,10.0,16.0,6.0,10.0,1.0,1.0,1.0,4.0,4.0
19,9,7,D,4,4,3,1,15,7.0,4,7.0,3.0,4.0,404,1907.0,40407.0,1.0,15.0,7.0,1.0,1.0,1.0,1.0,4.0,4.0
19,10,9,D,4,4,5,0,17,9.0,4,8.0,5.0,1.0,404,1908.0,40408.0,0.0,17.0,9.0,0.0,1.0,0.2,1.0,4.0,4.0
19,11,10,D,4,4,4,0,10,10.0,4,9.0,4.0,0.0,404,1909.0,40409.0,0.0,10.0,10.0,0.0,1.0,0.2,0.2,0.8,4.0
19,12,5,D,4,4,5,5,12,5.0,4,10.0,5.0,10.0,404,1910.0,40410.0,5.0,12.0,5.0,5.0,1.0,1.0,0.2,0.8,4.0
20,3,3,E,4,5,5,2,20,3.0,5,1.0,5.0,9.0,405,2001.0,40501.0,2.0,20.0,3.0,2.0,1.0,1.0,,,5.0
20,4,6,E,4,5,2,8,5,6.0,5,2.0,2.0,12.0,405,2002.0,40502.0,8.0,5.0,6.0,8.0,1.0,1.0,1.0,5.0,5.0
20,5,7,E,4,5,3,5,6,7.0,5,3.0,3.0,8.0,405,2003.0,40503.0,5.0,6.0,7.0,5.0,1.0,1.0,1.0,5.0,5.0
20,6,4,E,4,5,1,3,16,4.0,5,4.0,1.0,9.0,405,2004.0,40504.0,3.0,16.0,4.0,3.0,1.0,1.0,1.0,5.0,5.0
20,7,7,E,4,5,3,8,12,7.0,5,5.0,3.0,11.0,405,2005.0,40505.0,8.0,12.0,7.0,8.0,1.0,1.0,1.0,5.0,5.0
20,8,2,E,4,5,3,7,16,2.0,5,6.0,3.0,15.0,405,2006.0,40506.0,7.0,16.0,2.0,7.0,1.0,1.0,1.0,5.0,5.0
20,9,5,E,4,5,4,10,9,5.0,5,7.0,4.0,15.0,405,2007.0,40507.0,10.0,9.0,5.0,10.0,1.0,1.0,1.0,5.0,5.0
20,10,6,E,4,5,5,3,14,6.0,5,8.0,5.0,7.0,405,2008.0,40508.0,3.0,14.0,6.0,3.0,1.0,1.0,1.0,5.0,5.0
20,11,10,E,4,5,4,1,12,10.0,5,9.0,4.0,1.0,405,2009.0,40509.0,1.0,12.0,10.0,1.0,1.0,1.0,1.0,5.0,5.0
20,12,9,E,4,5,4,5,15,9.0,5,10.0,4.0,6.0,405,2010.0,40510.0,5.0,15.0,9.0,5.0,1.0,1.0,1.0,5.0,5.0
21,3,7,A,5,1,0,0,9,7.0,1,1.0,0.0,3.0,501,2101.0,50101.0,0.0,9.0,7.0,0.0,1.0,0.2,,,1.0
21,4,10,A,5,1,1,4,14,10.0,1,2.0,1.0,4.0,501,2102.0,50102.0,4.0,14.0,10.0,4.0,1.0,1.0,0.2,0.2,1.0
21,5,7,A,5,1,0,1,14,7.0,1,3.0,0.0,4.0,501,2103.0,50103.0,1.0,14.0,7.0,1.0,1.0,1.0,1.0,1.0,1.0
21,6,10,A,5,1,3,3,16,10.0,1,4.0,3.0,3.0,501,2104.0,50104.0,3.0,16.0,10.0,3.0,1.0,1.0,1.0,1.0,1.0
21,7,4,A,5,1,1,1,11,4.0,1,5.0,1.0,7.0,501,2105.0,50105.0,1.0,11.0,4.0,1.0,1.0,1.0,1.0,1.0,1.0
21,8,8,A,5,1,2,1,17,8.0,1,6.0,2.0,3.0,501,2106.0,50106.0,1.0,17.0,8.0,1.0,1.0,1.0,1.0,1.0,1.0
21,9,6,A,5,1,2,1,18,6.0,1,7.0,2.0,5.0,501,2107.0,50107.0,1.0,18.0,6.0,1.0,1.0,1.0,1.0,1.0,1.0
21,10,1,A,5,1,4,5,20,1.0,1,8.0,4.0,14.0,501,2108.0,50108.0,5.0,20.0,1.0,5.0,1.0,1.0,1.0,1.0,1.0
21,11,0,A,5,1,5,0,15,0.0,1,9.0,5.0,10.0,501,2109.0,50109.0,0.0,15.0,0.0,0.0,0.2,0.2,1.0,1.0,0.2
21,12,0,A,5,1,0,0,17,0.0,1,10.0,0.0,10.0,501,2110.0,50110.0,0.0,17.0,0.0,0.0,0.2,0.2,0.2,0.2,0.2
22,3,3,B,5,2,3,7,9,3.0,2,1.0,3.0,14.0,502,2201.0,50201.0,7.0,9.0,3.0,7.0,1.0,1.0,,,2.0
22,4,9,B,5,2,4,8,14,9.0,2,2.0,4.0,9.0,502,2202.0,50202.0,8.0,14.0,9.0,8.0,1.0,1.0,1.0,2.0,2.0
22,5,6,B,5,2,1,8,13,6.0,2,3.0,1.0,12.0,502,2203.0,50203.0,8.0,13.0,6.0,8.0,1.0,1.0,1.0,2.0,2.0
22,6,2,B,5,2,3,0,14,2.0,2,4.0,3.0,8.0,502,2204.0,50204.0,0.0,14.0,2.0,0.0,1.0,0.2,1.0,2.0,2.0
22,7,6,B,5,2,4,1,7,6.0,2,5.0,4.0,5.0,502,2205.0,50205.0,1.0,7.0,6.0,1.0,1.0,1.0,0.2,0.4,2.0
22,8,0,B,5,2,5,4,6,0.0,2,6.0,5.0,14.0,502,2206.0,50206.0,4.0,6.0,0.0,4.0,0.2,1.0,1.0,2.0,0.4
22,9,2,B,5,2,2,3,8,2.0,2,7.0,2.0,11.0,502,2207.0,50207.0,3.0,8.0,2.0,3.0,1.0,1.0,1.0,2.0,2.0
22,10,5,B,5,2,3,6,8,5.0,2,8.0,3.0,11.0,502,2208.0,50208.0,6.0,8.0,5.0,6.0,1.0,1.0,1.0,2.0,2.0
22,11,5,B,5,2,2,4,12,5.0,2,9.0,2.0,9.0,502,2209.0,50209.0,4.0,12.0,5.0,4.0,1.0,1.0,1.0,2.0,2.0
22,12,4,B,5,2,5,4,16,4.0,2,10.0,5.0,10.0,502,2210.0,50210.0,4.0,16.0,4.0,4.0,1.0,1.0,1.0,2.0,2.0
23,3,5,C,5,3,4,8,13,5.0,3,1.0,4.0,13.0,503,2301.0,50301.0,8.0,13.0,5.0,8.0,1.0,1.0,,,3.0
23,4,1,C,5,3,2,2,7,1.0,3,2.0,2.0,11.0,503,2302.0,50302.0,2.0,7.0,1.0,2.0,1.0,1.0,1.0,3.0,3.0
23,5,5,C,5,3,4,9,16,5.0,3,3.0,4.0,14.0,503,2303.0,50303.0,9.0,16.0,5.0,9.0,1.0,1.0,1.0,3.0,3.0
23,6,5,C,5,3,2,7,15,5.0,3,4.0,2.0,12.0,503,2304.0,50304.0,7.0,15.0,5.0,7.0,1.0,1.0,1.0,3.0,3.0
23,7,3,C,5,3,0,7,16,3.0,3,5.0,0.0,14.0,503,2305.0,50305.0,7.0,16.0,3.0,7.0,1.0,1.0,1.0,3.0,3.0
23,8,9,C,5,3,1,3,18,9.0,3,6.0,1.0,4.0,503,2306.0,50306.0,3.0,18.0,9.0,3.0,1.0,1.0,1.0,3.0,3.0
23,9,9,C,5,3,5,8,10,9.0,3,7.0,5.0,9.0,503,2307.0,50307.0,8.0,10.0,9.0,8.0,1.0,1.0,1.0,3.0,3.0
23,10,10,C,5,3,5,1,6,10.0,3,8.0,5.0,1.0,503,2308.0,50308.0,1.0,6.0,10.0,1.0,1.0,1.0,1.0,3.0,3.0
23,11,6,C,5,3,5,0,9,6.0,3,9.0,5.0,4.0,503,2309.0,50309.0,0.0,9.0,6.0,0.0,1.0,0.2,1.0,3.0,3.0
23,12,0,C,5,3,4,5,18,0.0,3,10.0,4.0,15.0,503,2310.0,50310.0,5.0,18.0,0.0,5.0,0.2,1.0,0.2,0.6000000000000001,0.6000000000000001
24,3,1,D,5,4,4,3,18,1.0,4,1.0,4.0,12.0,504,2401.0,50401.0,3.0,18.0,1.0,3.0,1.0,1.0,,,4.0
24,4,0,D,5,4,4,9,11,0.0,4,2.0,4.0,19.0,504,2402.0,50402.0,9.0,11.0,0.0,9.0,0.2,1.0,1.0,4.0,0.8
24,5,9,D,5,4,4,5,8,9.0,4,3.0,4.0,6.0,504,2403.0,50403.0,5.0,8.0,9.0,5.0,1.0,1.0,1.0,4.0,4.0
24,6,3,D,5,4,0,9,12,3.0,4,4.0,0.0,16.0,504,2404.0,50404.0,9.0,12.0,3.0,9.0,1.0,1.0,1.0,4.0,4.0
24,7,8,D,5,4,3,6,13,8.0,4,5.0,3.0,8.0,504,2405.0,50405.0,6.0,13.0,8.0,6.0,1.0,1.0,1.0,4.0,4.0
24,8,1,D,5,4,3,6,14,1.0,4,6.0,3.0,15.0,504,2406.0,50406.0,6.0,14.0,1.0,6.0,1.0,1.0,1.0,4.0,4.0
24,9,9,D,5,4,4,4,10,9.0,4,7.0,4.0,5.0,504,2407.0,50407.0,4.0,10.0,9.0,4.0,1.0,1.0,1.0,4.0,4.0
24,10,5,D,5,4,2,1,16,5.0,4,8.0,2.0,6.0,504,2408.0,50408.0,1.0,16.0,5.0,1.0,1.0,1.0,1.0,4.0,4.0
24,11,5,D,5,4,1,0,8,5.0,4,9.0,1.0,5.0,504,2409.0,50409.0,0.0,8.0,5.0,0.0,1.0,0.2,1.0,4.0,4.0
24,12,8,D,5,4,1,0,13,8.0,4,10.0,1.0,2.0,504,2410.0,50410.0,0.0,13.0,8.0,0.0,1.0,0.2,0.2,0.8,4.0
25,3,7,E,5,5,5,1,16,7.0,5,1.0,5.0,4.0,505,2501.0,50501.0,1.0,16.0,7.0,1.0,1.0,1.0,,,5.0
25,4,1,E,5,5,2,0,6,1.0,5,2.0,2.0,9.0,505,2502.0,50502.0,0.0,6.0,1.0,0.0,1.0,0.2,1.0,5.0,5.0
25,5,0,E,5,5,0,7,7,0.0,5,3.0,0.0,17.0,505,2503.0,50503.0,7.0,7.0,0.0,7.0,0.2,1.0,0.2,1.0,1.0
25,6,5,E,5,5,2,6,17,5.0,5,4.0,2.0,11.0,505,2504.0,50504.0,6.0,17.0,5.0,6.0,1.0,1.0,1.0,5.0,5.0
25,7,7,E,5,5,1,3,18,7.0,5,5.0,1.0,6.0,505,2505.0,50505.0,3.0,18.0,7.0,3.0,1.0,1.0,1.0,5.0,5.0
25,8,3,E,5,5,3,0,12,3.0,5,6.0,3.0,7.0,505,2506.0,50506.0,0.0,12.0,3.0,0.0,1.0,0.2,1.0,5.0,5.0
25,9,7,E,5,5,5,6,10,7.0,5,7.0,5.0,9.0,505,2507.0,50507.0,6.0,10.0,7.0,6.0,1.0,1.0,0.2,1.0,5.0
25,10,1,E,5,5,3,8,9,1.0,5,8.0,3.0,17.0,505,2508.0,50508.0,8.0,9.0,1.0,8.0,1.0,1.0,1.0,5.0,5.0
25,11,4,E,5,5,3,0,6,4.0,5,9.0,3.0,6.0,505,2509.0,50509.0,0.0,6.0,4.0,0.0,1.0,0.2,1.0,5.0,5.0
25,12,6,E,5,5,3,2,12,6.0,5,10.0,3.0,6.0,505,2510.0,50510.0,2.0,12.0,6.0,2.0,1.0,1.0,0.2,1.0,5.0
26,3,4,A,6,1,5,4,7,4.0,1,1.0,5.0,10.0,601,2601.0,60101.0,4.0,7.0,4.0,4.0,1.0,1.0,,,1.0
26,4,9,A,6,1,3,6,10,9.0,1,2.0,3.0,7.0,601,2602.0,60102.0,6.0,10.0,9.0,6.0,1.0,1.0,1.0,1.0,1.0
26,5,10,A,6,1,5,1,6,10.0,1,3.0,5.0,1.0,601,2603.0,60103.0,1.0,6.0,10.0,1.0,1.0,1.0,1.0,1.0,1.0
26,6,9,A,6,1,0,6,6,9.0,1,4.0,0.0,7.0,601,2604.0,60104.0,6.0,6.0,9.0,6.0,1.0,1.0,1.0,1.0,1.0
26,7,9,A,6,1,3,0,5,9.0,1,5.0,3.0,1.0,601,2605.0,60105.0,0.0,5.0,9.0,0.0,1.0,0.2,1.0,1.0,1.0
26,8,0,A,6,1,2,2,5,0.0,1,6.0,2.0,12.0,601,2606.0,60106.0,2.0,5.0,0.0,2.0,0.2,1.0,0.2,0.2,0.2
26,9,9,A,6,1,2,0,13,9.0,1,7.0,2.0,1.0,601,2607.0,60107.0,0.0,13.0,9.0,0.0,1.0,0.2,1.0,1.0,1.0
26,10,5,A,6,1,4,6,6,5.0,1,8.0,4.0,11.0,601,2608.0,60108.0,6.0,6.0,5.0,6.0,1.0,1.0,0.2,0.2,1.0
26,11,8,A,6,1,5,3,11,8.0,1,9.0,5.0,5.0,601,2609.0,60109.0,3.0,11.0,8.0,3.0,1.0,1.0,1.0,1.0,1.0
26,12,3,A,6,1,3,7,14,3.0,1,10.0,3.0,14.0,601,2610.0,60110.0,7.0,14.0,3.0,7.0,1.0,1.0,1.0,1.0,1.0
27,3,1,B,6,2,1,3,12,1.0,2,1.0,1.0,12.0,602,2701.0,60201.0,3.0,12.0,1.0,3.0,1.0,1.0,,,2.0
27,4,8,B,6,2,3,5,6,8.0,2,2.0,3.0,7.0,602,2702.0,60202.0,5.0,6.0,8.0,5.0,1.0,1.0,1.0,2.0,2.0
27,5,1,B,6,2,0,0,13,1.0,2,3.0,0.0,9.0,602,2703.0,60203.0,0.0,13.0,1.0,0.0,1.0,0.2,1.0,2.0,2.0
27,6,3,B,6,2,4,8,17,3.0,2,4.0,4.0,15.0,602,2704.0,60204.0,8.0,17.0,3.0,8.0,1.0,1.0,0.2,0.4,2.0
27,7,4,B,6,2,0,7,5,4.0,2,5.0,0.0,13.0,602,2705.0,60205.0,7.0,5.0,4.0,7.0,1.0,1.0,1.0,2.0,2.0
27,8,3,B,6,2,0,2,14,3.0,2,6.0,0.0,9.0,602,2706.0,60206.0,2.0,14.0,3.0,2.0,1.0,1.0,1.0,2.0,2.0
27,9,10,B,6,2,3,0,14,10.0,2,7.0,3.0,0.0,602,2707.0,60207.0,0.0,14.0,10.0,0.0,1.0,0.2,1.0,2.0,2.0
27,10,7,B,6,2,4,0,18,7.0,2,8.0,4.0,3.0,602,2708.0,60208.0,0.0,18.0,7.0,0.0,1.0,0.2,0.2,0.4,2.0
27,11,5,B,6,2,3,6,19,5.0,2,9.0,3.0,11.0,602,2709.0,60209.0,6.0,19.0,5.0,6.0,1.0,1.0,0.2,0.4,2.0
27,12,8,B,6,2,1,9,15,8.0,2,10.0,1.0,11.0,602,2710.0,60210.0,9.0,15.0,8.0,9.0,1.0,1.0,1.0,2.0,2.0
28,3,7,C,6,3,2,4,18,7.0,3,1.0,2.0,7.0,603,2801.0,60301.0,4.0,18.0,7.0,4.0,1.0,1.0,,,3.0
28,4,5,C,6,3,4,2,11,5.0,3,2.0,4.0,7.0,603,2802.0,60302.0,2.0,11.0,5.0,2.0,1.0,1.0,1.0,3.0,3.0
28,5,7,C,6,3,2,3,13,7.0,3,3.0,2.0,6.0,603,2803.0,60303.0,3.0,13.0,7.0,3.0,1.0,1.0,1.0,3.0,3.0
28,6,5,C,6,3,2,0,15,5.0,3,4.0,2.0,5.0,603,2804.0,60304.0,0.0,15.0,5.0,0.0,1.0,0.2,1.0,3.0,3.0
28,7,0,C,6,3,1,9,9,0.0,3,5.0,1.0,19.0,603,2805.0,60305.0,9.0,9.0,0.0,9.0,0.2,1.0,0.2,0.6000000000000001,0.6000000000000001
28,8,10,C,6,3,2,7,18,10.0,3,6.0,2.0,7.0,603,2806.0,60306.0,7.0,18.0,10.0,7.0,1.0,1.0,1.0,3.0,3.0
28,9,0,C,6,3,3,0,12,0.0,3,7.0,3.0,10.0,603,2807.0,60307.0,0.0,12.0,0.0,0.0,0.2,0.2,1.0,3.0,0.6000000000000001
28,10,7,C,6,3,1,1,10,7.0,3,8.0,1.0,4.0,603,2808.0,60308.0,1.0,10.0,7.0,1.0,1.0,1.0,0.2,0.6000000000000001,3.0
28,11,10,C,6,3,5,6,14,10.0,3,9.0,5.0,6.0,603,2809.0,60309.0,6.0,14.0,10.0,6.0,1.0,1.0,1.0,3.0,3.0
28,12,3,C,6,3,5,8,16,3.0,3,10.0,5.0,15.0,603,2810.0,60310.0,8.0,16.0,3.0,8.0,1.0,1.0,1.0,3.0,3.0
29,3,4,D,6,4,4,4,12,4.0,4,1.0,4.0,10.0,604,2901.0,60401.0,4.0,12.0,4.0,4.0,1.0,1.0,,,4.0
29,4,1,D,6,4,2,3,15,1.0,4,2.0,2.0,12.0,604,2902.0,60402.0,3.0,15.0,1.0,3.0,1.0,1.0,1.0,4.0,4.0
29,5,4,D,6,4,5,0,5,4.0,4,3.0,5.0,6.0,604,2903.0,60403.0,0.0,5.0,4.0,0.0,1.0,0.2,1.0,4.0,4.0
29,6,2,D,6,4,0,7,6,2.0,4,4.0,0.0,15.0,604,2904.0,60404.0,7.0,6.0,2.0,7.0,1.0,1.0,0.2,0.8,4.0
29,7,9,D,6,4,0,2,6,9.0,4,5.0,0.0,3.0,604,2905.0,60405.0,2.0,6.0,9.0,2.0,1.0,1.0,1.0,4.0,4.0
29,8,8,D,6,4,4,6,17,8.0,4,6.0,4.0,8.0,604,2906.0,60406.0,6.0,17.0,8.0,6.0,1.0,1.0,1.0,4.0,4.0
29,9,7,D,6,4,0,0,10,7.0,4,7.0,0.0,3.0,604,2907.0,60407.0,0.0,10.0,7.0,0.0,1.0,0.2,1.0,4.0,4.0
29,10,6,D,6,4,4,5,13,6.0,4,8.0,4.0,9.0,604,2908.0,60408.0,5.0,13.0,6.0,5.0,1.0,1.0,0.2,0.8,4.0
29,11,1,D,6,4,3,1,11,1.0,4,9.0,3.0,10.0,604,2909.0,60409.0,1.0,11.0,1.0,1.0,1.0,1.0,1.0,4.0,4.0
29,12,10,D,6,4,1,6,16,10.0,4,10.0,1.0,6.0,604,2910.0,60410.0,6.0,16.0,10.0,6.0,1.0,1.0,1.0,4.0,4.0
30,3,3,E,6,5,3,10,6,3.0,5,1.0,3.0,17.0,605,3001.0,60501.0,10.0,6.0,3.0,10.0,1.0,1.0,,,5.0
30,4,3,E,6,5,3,6,17,3.0,5,2.0,3.0,13.0,605,3002.0,60502.0,6.0,17.0,3.0,6.0,1.0,1.0,1.0,5.0,5.0
30,5,2,E,6,5,0,1,17,2.0,5,3.0,0.0,9.0,605,3003.0,60503.0,1.0,17.0,2.0,1.0,1.0,1.0,1.0,5.0,5.0
30,6,0,E,6,5,4,5,5,0.0,5,4.0,4.0,15.0,605,3004.0,60504.0,5.0,5.0,0.0,5.0,0.2,1.0,1.0,5.0,1.0
30,7,6,E,6,5,3,3,10,6.0,5,5.0,3.0,7.0,605,3005.0,60505.0,3.0,10.0,6.0,3.0,1.0,1.0,1.0,5.0,5.0
30,8,9,E,6,5,2,2,20,9.0,5,6.0,2.0,3.0,605,3006.0,60506.0,2.0,20.0,9.0,2.0,1.0,1.0,1.0,5.0,5.0
30,9,6,E,6,5,3,1,13,6.0,5,7.0,3.0,5.0,605,3007.0,60507.0,1.0,13.0,6.0,1.0,1.0,1.0,1.0,5.0,5.0
30,10,2,E,6,5,0,0,15,2.0,5,8.0,0.0,8.0,605,3008.0,60508.0,0.0,15.0,2.0,0.0,1.0,0.2,1.0,5.0,5.0
30,11,10,E,6,5,1,6,14,10.0,5,9.0,1.0,6.0,605,3009.0,60509.0,6.0,14.0,10.0,6.0,1.0,1.0,0.2,1.0,5.0
30,12,7,E,6,5,1,7,12,7.0,5,10.0,1.0,10.0,605,3010.0,60510.0,7.0,12.0,7.0,7.0,1.0,1.0,1.0,5.0,5.0
31,3,0,A,7,1,2,5,14,0.0,1,1.0,2.0,15.0,701,3101.0,70101.0,5.0,14.0,0.0,5.0,0.2,1.0,,,0.2
31,4,7,A,7,1,3,10,8,7.0,1,2.0,3.0,13.0,701,3102.0,70102.0,10.0,8.0,7.0,10.0,1.0,1.0,1.0,1.0,1.0
31,5,1,A,7,1,4,9,17,1.0,1,3.0,4.0,18.0,701,3103.0,70103.0,9.0,17.0,1.0,9.0,1.0,1.0,1.0,1.0,1.0
31,6,4,A,7,1,0,5,9,4.0,1,4.0,0.0,11.0,701,3104.0,70104.0,5.0,9.0,4.0,5.0,1.0,1.0,1.0,1.0,1.0
31,7,8,A,7,1,4,1,8,8.0,1,5.0,4.0,3.0,701,3105.0,70105.0,1.0,8.0,8.0,1.0,1.0,1.0,1.0,1.0,1.0
31,8,10,A,7,1,1,9,17,10.0,1,6.0,1.0,9.0,701,3106.0,70106.0,9.0,17.0,10.0,9.0,1.0,1.0,1.0,1.0,1.0
31,9,0,A,7,1,5,10,7,0.0,1,7.0,5.0,20.0,701,3107.0,70107.0,10.0,7.0,0.0,10.0,0.2,1.0,1.0,1.0,0.2
31,10,8,A,7,1,2,9,13,8.0,1,8.0,2.0,11.0,701,3108.0,70108.0,9.0,13.0,8.0,9.0,1.0,1.0,1.0,1.0,1.0
31,11,5,A,7,1,3,6,13,5.0,1,9.0,3.0,11.0,701,3109.0,70109.0,6.0,13.0,5.0,6.0,1.0,1.0,1.0,1.0,1.0
31,12,3,A,7,1,2,8,5,3.0,1,10.0,2.0,15.0,701,3110.0,70110.0,8.0,5.0,3.0,8.0,1.0,1.0,1.0,1.0,1.0
32,3,7,B,7,2,4,8,8,7.0,2,1.0,4.0,11.0,702,3201.0,70201.0,8.0,8.0,7.0,8.0,1.0,1.0,,,2.0
32,4,5,B,7,2,3,1,13,5.0,2,2.0,3.0,6.0,702,3202.0,70202.0,1.0,13.0,5.0,1.0,1.0,1.0,1.0,2.0,2.0
32,5,5,B,7,2,1,4,13,5.0,2,3.0,1.0,9.0,702,3203.0,70203.0,4.0,13.0,5.0,4.0,1.0,1.0,1.0,2.0,2.0
32,6,2,B,7,2,2,2,11,2.0,2,4.0,2.0,10.0,702,3204.0,70204.0,2.0,11.0,2.0,2.0,1.0,1.0,1.0,2.0,2.0
32,7,5,B,7,2,2,2,13,5.0,2,5.0,2.0,7.0,702,3205.0,70205.0,2.0,13.0,5.0,2.0,1.0,1.0,1.0,2.0,2.0
32,8,4,B,7,2,5,3,19,4.0,2,6.0,5.0,9.0,702,3206.0,70206.0,3.0,19.0,4.0,3.0,1.0,1.0,1.0,2.0,2.0
32,9,10,B,7,2,5,9,11,10.0,2,7.0,5.0,9.0,702,3207.0,70207.0,9.0,11.0,10.0,9.0,1.0,1.0,1.0,2.0,2.0
32,10,1,B,7,2,3,1,17,1.0,2,8.0,3.0,10.0,702,3208.0,70208.0,1.0,17.0,1.0,1.0,1.0,1.0,1.0,2.0,2.0
32,11,9,B,7,2,1,8,18,9.0,2,9.0,1.0,9.0,702,3209.0,70209.0,8.0,18.0,9.0,8.0,1.0,1.0,1.0,2.0,2.0
32,12,7,B,7,2,3,8,15,7.0,2,10.0,3.0,11.0,702,3210.0,70210.0,8.0,15.0,7.0,8.0,1.0,1.0,1.0,2.0,2.0
33,3,4,C,7,3,2,6,7,4.0,3,1.0,2.0,12.0,703,3301.0,70301.0,6.0,7.0,4.0,6.0,1.0,1.0,,,3.0
33,4,4,C,7,3,3,8,5,4.0,3,2.0,3.0,14.0,703,3302.0,70302.0,8.0,5.0,4.0,8.0,1.0,1.0,1.0,3.0,3.0
33,5,10,C,7,3,3,3,20,10.0,3,3.0,3.0,3.0,703,3303.0,70303.0,3.0,20.0,10.0,3.0,1.0,1.0,1.0,3.0,3.0
33,6,10,C,7,3,4,2,20,10.0,3,4.0,4.0,2.0,703,3304.0,70304.0,2.0,20.0,10.0,2.0,1.0,1.0,1.0,3.0,3.0
33,7,1,C,7,3,4,4,14,1.0,3,5.0,4.0,13.0,703,3305.0,70305.0,4.0,14.0,1.0,4.0,1.0,1.0,1.0,3.0,3.0
33,8,4,C,7,3,0,10,7,4.0,3,6.0,0.0,16.0,703,3306.0,70306.0,10.0,7.0,4.0,10.0,1.0,1.0,1.0,3.0,3.0
33,9,3,C,7,3,2,1,16,3.0,3,7.0,2.0,8.0,703,3307.0,70307.0,1.0,16.0,3.0,1.0,1.0,1.0,1.0,3.0,3.0
33,10,7,C,7,3,2,7,16,7.0,3,8.0,2.0,10.0,703,3308.0,70308.0,7.0,16.0,7.0,7.0,1.0,1.0,1.0,3.0,3.0
33,11,7,C,7,3,1,3,9,7.0,3,9.0,1.0,6.0,703,3309.0,70309.0,3.0,9.0,7.0,3.0,1.0,1.0,1.0,3.0,3.0
33,12,6,C,7,3,3,1,18,6.0,3,10.0,3.0,5.0,703,3310.0,70310.0,1.0,18.0,6.0,1.0,1.0,1.0,1.0,3.0,3.0
34,3,1,D,7,4,5,5,6,1.0,4,1.0,5.0,14.0,704,3401.0,70401.0,5.0,6.0,1.0,5.0,1.0,1.0,,,4.0
34,4,8,D,7,4,4,0,14,8.0,4,2.0,4.0,2.0,704,3402.0,70402.0,0.0,14.0,8.0,0.0,1.0,0.2,1.0,4.0,4.0
34,5,9,D,7,4,0,8,14,9.0,4,3.0,0.0,9.0,704,3403.0,70403.0,8.0,14.0,9.0,8.0,1.0,1.0,0.2,0.8,4.0
34,6,10,D,7,4,3,0,6,10.0,4,4.0,3.0,0.0,704,3404.0,70404.0,0.0,6.0,10.0,0.0,1.0,0.2,1.0,4.0,4.0
34,7,10,D,7,4,0,10,18,10.0,4,5.0,0.0,10.0,704,3405.0,70405.0,10.0,18.0,10.0,10.0,1.0,1.0,0.2,0.8,4.0
34,8,1,D,7,4,3,8,10,1.0,4,6.0,3.0,17.0,704,3406.0,70406.0,8.0,10.0,1.0,8.0,1.0,1.0,1.0,4.0,4.0
34,9,6,D,7,4,3,6,11,6.0,4,7.0,3.0,10.0,704,3407.0,70407.0,6.0,11.0,6.0,6.0,1.0,1.0,1.0,4.0,4.0
34,10,1,D,7,4,3,2,11,1.0,4,8.0,3.0,11.0,704,3408.0,70408.0,2.0,11.0,1.0,2.0,1.0,1.0,1.0,4.0,4.0
34,11,10,D,7,4,4,0,6,10.0,4,9.0,4.0,0.0,704,3409.0,70409.0,0.0,6.0,10.0,0.0,1.0,0.2,1.0,4.0,4.0
34,12,3,D,7,4,4,10,5,3.0,4,10.0,4.0,17.0,704,3410.0,70410.0,10.0,5.0,3.0,10.0,1.0,1.0,0.2,0.8,4.0
35,3,4,E,7,5,2,3,14,4.0,5,1.0,2.0,9.0,705,3501.0,70501.0,3.0,14.0,4.0,3.0,1.0,1.0,,,5.0
35,4,0,E,7,5,2,3,8,0.0,5,2.0,2.0,13.0,705,3502.0,70502.0,3.0,8.0,0.0,3.0,0.2,1.0,1.0,5.0,1.0
35,5,2,E,7,5,1,7,10,2.0,5,3.0,1.0,15.0,705,3503.0,70503.0,7.0,10.0,2.0,7.0,1.0,1.0,1.0,5.0,5.0
35,6,3,E,7,5,3,4,10,3.0,5,4.0,3.0,11.0,705,3504.0,70504.0,4.0,10.0,3.0,4.0,1.0,1.0,1.0,5.0,5.0
35,7,9,E,7,5,0,2,18,9.0,5,5.0,0.0,3.0,705,3505.0,70505.0,2.0,18.0,9.0,2.0,1.0,1.0,1.0,5.0,5.0
35,8,3,E,7,5,3,7,5,3.0,5,6.0,3.0,14.0,705,3506.0,70506.0,7.0,5.0,3.0,7.0,1.0,1.0,1.0,5.0,5.0
35,9,0,E,7,5,1,5,5,0.0,5,7.0,1.0,15.0,705,3507.0,70507.0,5.0,5.0,0.0,5.0,0.2,1.0,1.0,5.0,1.0
35,10,1,E,7,5,5,7,16,1.0,5,8.0,5.0,16.0,705,3508.0,70508.0,7.0,16.0,1.0,7.0,1.0,1.0,1.0,5.0,5.0
35,11,10,E,7,5,3,7,20,10.0,5,9.0,3.0,7.0,705,3509.0,70509.0,7.0,20.0,10.0,7.0,1.0,1.0,1.0,5.0,5.0
35,12,1,E,7,5,1,6,12,1.0,5,10.0,1.0,15.0,705,3510.0,70510.0,6.0,12.0,1.0,6.0,1.0,1.0,1.0,5.0,5.0
36,3,1,A,8,1,2,5,17,1.0,1,1.0,2.0,14.0,801,3601.0,80101.0,5.0,17.0,1.0,5.0,1.0,1.0,,,1.0
36,4,0,A,8,1,1,2,18,0.0,1,2.0,1.0,12.0,801,3602.0,80102.0,2.0,18.0,0.0,2.0,0.2,1.0,1.0,1.0,0.2
36,5,9,A,8,1,3,3,14,9.0,1,3.0,3.0,4.0,801,3603.0,80103.0,3.0,14.0,9.0,3.0,1.0,1.0,1.0,1.0,1.0
36,6,6,A,8,1,2,8,6,6.0,1,4.0,2.0,12.0,801,3604.0,80104.0,8.0,6.0,6.0,8.0,1.0,1.0,1.0,1.0,1.0
36,7,9,A,8,1,4,1,7,9.0,1,5.0,4.0,2.0,801,3605.0,80105.0,1.0,7.0,9.0,1.0,1.0,1.0,1.0,1.0,1.0
36,8,1,A,8,1,0,4,10,1.0,1,6.0,0.0,13.0,801,3606.0,80106.0,4.0,10.0,1.0,4.0,1.0,1.0,1.0,1.0,1.0
36,9,0,A,8,1,5,6,14,0.0,1,7.0,5.0,16.0,801,3607.0,80107.0,6.0,14.0,0.0,6.0,0.2,1.0,1.0,1.0,0.2
36,10,5,A,8,1,4,4,19,5.0,1,8.0,4.0,9.0,801,3608.0,80108.0,4.0,19.0,5.0,4.0,1.0,1.0,1.0,1.0,1.0
36,11,7,A,8,1,0,1,16,7.0,1,9.0,0.0,4.0,801,3609.0,80109.0,1.0,16.0,7.0,1.0,1.0,1.0,1.0,1.0,1.0
36,12,9,A,8,1,2,7,7,9.0,1,10.0,2.0,8.0,801,3610.0,80110.0,7.0,7.0,9.0,7.0,1.0,1.0,1.0,1.0,1.0
37,3,6,B,8,2,0,8,11,6.0,2,1.0,0.0,12.0,802,3701.0,80201.0,8.0,11.0,6.0,8.0,1.0,1.0,,,2.0
37,4,2,B,8,2,4,8,17,2.0,2,2.0,4.0,16.0,802,3702.0,80202.0,8.0,17.0,2.0,8.0,1.0,1.0,1.0,2.0,2.0
37,5,2,B,8,2,1,7,16,2.0,2,3.0,1.0,15.0,802,3703.0,80203.0,7.0,16.0,2.0,7.0,1.0,1.0,1.0,2.0,2.0
37,6,1,B,8,2,0,8,5,1.0,2,4.0,0.0,17.0,802,3704.0,80204.0,8.0,5.0,1.0,8.0,1.0,1.0,1.0,2.0,2.0
37,7,0,B,8,2,2,3,20,0.0,2,5.0,2.0,13.0,802,3705.0,80205.0,3.0,20.0,0.0,3.0,0.2,1.0,1.0,2.0,0.4
37,8,0,B,8,2,4,8,15,0.0,2,6.0,4.0,18.0,802,3706.0,80206.0,8.0,15.0,0.0,8.0,0.2,1.0,1.0,2.0,0.4
37,9,0,B,8,2,2,4,19,0.0,2,7.0,2.0,14.0,802,3707.0,80207.0,4.0,19.0,0.0,4.0,0.2,1.0,1.0,2.0,0.4
37,10,6,B,8,2,1,7,10,6.0,2,8.0,1.0,11.0,802,3708.0,80208.0,7.0,10.0,6.0,7.0,1.0,1.0,1.0,2.0,2.0
37,11,0,B,8,2,2,7,19,0.0,2,9.0,2.0,17.0,802,3709.0,80209.0,7.0,19.0,0.0,7.0,0.2,1.0,1.0,2.0,0.4
37,12,7,B,8,2,2,10,17,7.0,2,10.0,2.0,13.0,802,3710.0,80210.0,10.0,17.0,7.0,10.0,1.0,1.0,1.0,2.0,2.0
38,3,3,C,8,3,5,8,17,3.0,3,1.0,5.0,15.0,803,3801.0,80301.0,8.0,17.0,3.0,8.0,1.0,1.0,,,3.0
38,4,2,C,8,3,1,1,5,2.0,3,2.0,1.0,9.0,803,3802.0,80302.0,1.0,5.0,2.0,1.0,1.0,1.0,1.0,3.0,3.0
38,5,7,C,8,3,2,8,13,7.0,3,3.0,2.0,11.0,803,3803.0,80303.0,8.0,13.0,7.0,8.0,1.0,1.0,1.0,3.0,3.0
38,6,1,C,8,3,5,10,20,1.0,3,4.0,5.0,19.0,803,3804.0,80304.0,10.0,20.0,1.0,10.0,1.0,1.0,1.0,3.0,3.0
38,7,6,C,8,3,4,3,13,6.0,3,5.0,4.0,7.0,803,3805.0,80305.0,3.0,13.0,6.0,3.0,1.0,1.0,1.0,3.0,3.0
38,8,10,C,8,3,5,7,11,10.0,3,6.0,5.0,7.0,803,3806.0,80306.0,7.0,11.0,10.0,7.0,1.0,1.0,1.0,3.0,3.0
38,9,3,C,8,3,3,8,18,3.0,3,7.0,3.0,15.0,803,3807.0,80307.0,8.0,18.0,3.0,8.0,1.0,1.0,1.0,3.0,3.0
38,10,2,C,8,3,1,9,12,2.0,3,8.0,1.0,17.0,803,3808.0,80308.0,9.0,12.0,2.0,9.0,1.0,1.0,1.0,3.0,3.0
38,11,0,C,8,3,3,6,12,0.0,3,9.0,3.0,16.0,803,3809.0,80309.0,6.0,12.0,0.0,6.0,0.2,1.0,1.0,3.0,0.6000000000000001
38,12,1,C,8,3,0,0,12,1.0,3,10.0,0.0,9.0,803,3810.0,80310.0,0.0,12.0,1.0,0.0,1.0,0.2,1.0,3.0,3.0
39,3,5,D,8,4,3,9,9,5.0,4,1.0,3.0,14.0,804,3901.0,80401.0,9.0,9.0,5.0,9.0,1.0,1.0,,,4.0
39,4,7,D,8,4,4,10,20,7.0,4,2.0,4.0,13.0,804,3902.0,80402.0,10.0,20.0,7.0,10.0,1.0,1.0,1.0,4.0,4.0
39,5,7,D,8,4,1,9,14,7.0,4,3.0,1.0,12.0,804,3903.0,80403.0,9.0,14.0,7.0,9.0,1.0,1.0,1.0,4.0,4.0
39,6,2,D,8,4,3,0,5,2.0,4,4.0,3.0,8.0,804,3904.0,80404.0,0.0,5.0,2.0,0.0,1.0,0.2,1.0,4.0,4.0
39,7,6,D,8,4,3,3,5,6.0,4,5.0,3.0,7.0,804,3905.0,80405.0,3.0,5.0,6.0,3.0,1.0,1.0,0.2,0.8,4.0
39,8,5,D,8,4,1,10,15,5.0,4,6.0,1.0,15.0,804,3906.0,80406.0,10.0,15.0,5.0,10.0,1.0,1.0,1.0,4.0,4.0
39,9,9,D,8,4,2,2,12,9.0,4,7.0,2.0,3.0,804,3907.0,80407.0,2.0,12.0,9.0,2.0,1.0,1.0,1.0,4.0,4.0
39,10,3,D,8,4,2,0,5,3.0,4,8.0,2.0,7.0,804,3908.0,80408.0,0.0,5.0,3.0,0.0,1.0,0.2,1.0,4.0,4.0
39,11,5,D,8,4,1,2,10,5.0,4,9.0,1.0,7.0,804,3909.0,80409.0,2.0,10.0,5.0,2.0,1.0,1.0,0.2,0.8,4.0
39,12,5,D,8,4,3,10,10,5.0,4,10.0,3.0,15.0,804,3910.0,80410.0,10.0,10.0,5.0,10.0,1.0,1.0,1.0,4.0,4.0
40,3,7,E,8,5,2,1,7,7.0,5,1.0,2.0,4.0,805,4001.0,80501.0,1.0,7.0,7.0,1.0,1.0,1.0,,,5.0
40,4,7,E,8,5,1,10,16,7.0,5,2.0,1.0,13.0,805,4002.0,80502.0,10.0,16.0,7.0,10.0,1.0,1.0,1.0,5.0,5.0
40,5,5,E,8,5,3,0,14,5.0,5,3.0,3.0,5.0,805,4003.0,80503.0,0.0,14.0,5.0,0.0,1.0,0.2,1.0,5.0,5.0
40,6,7,E,8,5,5,0,14,7.0,5,4.0,5.0,3.0,805,4004.0,80504.0,0.0,14.0,7.0,0.0,1.0,0.2,0.2,1.0,5.0
40,7,6,E,8,5,2,7,20,6.0,5,5.0,2.0,11.0,805,4005.0,80505.0,7.0,20.0,6.0,7.0,1.0,1.0,0.2,1.0,5.0
40,8,3,E,8,5,0,9,15,3.0,5,6.0,0.0,16.0,805,4006.0,80506.0,9.0,15.0,3.0,9.0,1.0,1.0,1.0,5.0,5.0
40,9,0,E,8,5,1,2,8,0.0,5,7.0,1.0,12.0,805,4007.0,80507.0,2.0,8.0,0.0,2.0,0.2,1.0,1.0,5.0,1.0
40,10,3,E,8,5,2,8,20,3.0,5,8.0,2.0,15.0,805,4008.0,80508.0,8.0,20.0,3.0,8.0,1.0,1.0,1.0,5.0,5.0
40,11,7,E,8,5,0,0,17,7.0,5,9.0,0.0,3.0,805,4009.0,80509.0,0.0,17.0,7.0,0.0,1.0,0.2,1.0,5.0,5.0
40,12,6,E,8,5,0,9,19,6.0,5,10.0,0.0,13.0,805,4010.0,80510.0,9.0,19.0,6.0,9.0,1.0,1.0,0.2,1.0,5.0
41,3,0,A,9,1,1,1,8,0.0,1,1.0,1.0,11.0,901,4101.0,90101.0,1.0,8.0,0.0,1.0,0.2,1.0,,,0.2
41,4,10,A,9,1,3,4,11,10.0,1,2.0,3.0,4.0,901,4102.0,90102.0,4.0,11.0,10.0,4.0,1.0,1.0,1.0,1.0,1.0
41,5,0,A,9,1,0,3,5,0.0,1,3.0,0.0,13.0,901,4103.0,90103.0,3.0,5.0,0.0,3.0,0.2,1.0,1.0,1.0,0.2
41,6,10,A,9,1,1,4,5,10.0,1,4.0,1.0,4.0,901,4104.0,90104.0,4.0,5.0,10.0,4.0,1.0,1.0,1.0,1.0,1.0
41,7,9,A,9,1,1,10,18,9.0,1,5.0,1.0,11.0,901,4105.0,90105.0,10.0,18.0,9.0,10.0,1.0,1.0,1.0,1.0,1.0
41,8,8,A,9,1,2,10,19,8.0,1,6.0,2.0,12.0,901,4106.0,90106.0,10.0,19.0,8.0,10.0,1.0,1.0,1.0,1.0,1.0
41,9,2,A,9,1,4,2,11,2.0,1,7.0,4.0,10.0,901,4107.0,90107.0,2.0,11.0,2.0,2.0,1.0,1.0,1.0,1.0,1.0
41,10,10,A,9,1,3,4,14,10.0,1,8.0,3.0,4.0,901,4108.0,90108.0,4.0,14.0,10.0,4.0,1.0,1.0,1.0,1.0,1.0
41,11,1,A,9,1,0,4,7,1.0,1,9.0,0.0,13.0,901,4109.0,90109.0,4.0,7.0,1.0,4.0,1.0,1.0,1.0,1.0,1.0
41,12,6,A,9,1,0,2,10,6.0,1,10.0,0.0,6.0,901,4110.0,90110.0,2.0,10.0,6.0,2.0,1.0,1.0,1.0,1.0,1.0
42,3,2,B,9,2,0,1,19,2.0,2,1.0,0.0,9.0,902,4201.0,90201.0,1.0,19.0,2.0,1.0,1.0,1.0,,,2.0
42,4,9,B,9,2,3,0,14,9.0,2,2.0,3.0,1.0,902,4202.0,90202.0,0.0,14.0,9.0,0.0,1.0,0.2,1.0,2.0,2.0
42,5,10,B,9,2,1,5,8,10.0,2,3.0,1.0,5.0,902,4203.0,90203.0,5.0,8.0,10.0,5.0,1.0,1.0,0.2,0.4,2.0
42,6,1,B,9,2,1,5,6,1.0,2,4.0,1.0,14.0,902,4204.0,90204.0,5.0,6.0,1.0,5.0,1.0,1.0,1.0,2.0,2.0
42,7,9,B,9,2,2,8,13,9.0,2,5.0,2.0,9.0,902,4205.0,90205.0,8.0,13.0,9.0,8.0,1.0,1.0,1.0,2.0,2.0
42,8,2,B,9,2,1,2,20,2.0,2,6.0,1.0,10.0,902,4206.0,90206.0,2.0,20.0,2.0,2.0,1.0,1.0,1.0,2.0,2.0
42,9,8,B,9,2,5,9,19,8.0,2,7.0,5.0,11.0,902,4207.0,90207.0,9.0,19.0,8.0,9.0,1.0,1.0,1.0,2.0,2.0
42,10,8,B,9,2,3,4,8,8.0,2,8.0,3.0,6.0,902,4208.0,90208.0,4.0,8.0,8.0,4.0,1.0,1.0,1.0,2.0,2.0
42,11,0,B,9,2,2,2,7,0.0,2,9.0,2.0,12.0,902,4209.0,90209.0,2.0,7.0,0.0,2.0,0.2,1.0,1.0,2.0,0.4
42,12,4,B,9,2,5,0,18,4.0,2,10.0,5.0,6.0,902,4210.0,90210.0,0.0,18.0,4.0,0.0,1.0,0.2,1.0,2.0,2.0
43,3,7,C,9,3,4,5,18,7.0,3,1.0,4.0,8.0,903,4301.0,90301.0,5.0,18.0,7.0,5.0,1.0,1.0,,,3.0
43,4,7,C,9,3,2,0,14,7.0,3,2.0,2.0,3.0,903,4302.0,90302.0,0.0,14.0,7.0,0.0,1.0,0.2,1.0,3.0,3.0
43,5,9,C,9,3,1,0,18,9.0,3,3.0,1.0,1.0,903,4303.0,90303.0,0.0,18.0,9.0,0.0,1.0,0.2,0.2,0.6000000000000001,3.0
43,6,8,C,9,3,5,2,10,8.0,3,4.0,5.0,4.0,903,4304.0,90304.0,2.0,10.0,8.0,2.0,1.0,1.0,0.2,0.6000000000000001,3.0
43,7,6,C,9,3,1,0,16,6.0,3,5.0,1.0,4.0,903,4305.0,90305.0,0.0,16.0,6.0,0.0,1.0,0.2,1.0,3.0,3.0
43,8,6,C,9,3,1,6,7,6.0,3,6.0,1.0,10.0,903,4306.0,90306.0,6.0,7.0,6.0,6.0,1.0,1.0,0.2,0.6000000000000001,3.0
43,9,10,C,9,3,5,1,8,10.0,3,7.0,5.0,1.0,903,4307.0,90307.0,1.0,8.0,10.0,1.0,1.0,1.0,1.0,3.0,3.0
43,10,3,C,9,3,3,10,9,3.0,3,8.0,3.0,17.0,903,4308.0,90308.0,10.0,9.0,3.0,10.0,1.0,1.0,1.0,3.0,3.0
43,11,8,C,9,3,0,9,8,8.0,3,9.0,0.0,11.0,903,4309.0,90309.0,9.0,8.0,8.0,9.0,1.0,1.0,1.0,3.0,3.0
43,12,9,C,9,3,5,2,14,9.0,3,10.0,5.0,3.0,903,4310.0,90310.0,2.0,14.0,9.0,2.0,1.0,1.0,1.0,3.0,3.0
44,3,4,D,9,4,1,2,13,4.0,4,1.0,1.0,8.0,904,4401.0,90401.0,2.0,13.0,4.0,2.0,1.0,1.0,,,4.0
44,4,3,D,9,4,4,5,10,3.0,4,2.0,4.0,12.0,904,4402.0,90402.0,5.0,10.0,3.0,5.0,1.0,1.0,1.0,4.0,4.0
44,5,2,D,9,4,3,8,11,2.0,4,3.0,3.0,16.0,904,4403.0,90403.0,8.0,11.0,2.0,8.0,1.0,1.0,1.0,4.0,4.0
44,6,5,D,9,4,3,1,11,5.0,4,4.0,3.0,6.0,904,4404.0,90404.0,1.0,11.0,5.0,1.0,1.0,1.0,1.0,4.0,4.0
44,7,7,D,9,4,4,7,5,7.0,4,5.0,4.0,10.0,904,4405.0,90405.0,7.0,5.0,7.0,7.0,1.0,1.0,1.0,4.0,4.0
44,8,8,D,9,4,2,1,18,8.0,4,6.0,2.0,3.0,904,4406.0,90406.0,1.0,18.0,8.0,1.0,1.0,1.0,1.0,4.0,4.0
44,9,3,D,9,4,1,7,20,3.0,4,7.0,1.0,14.0,904,4407.0,90407.0,7.0,20.0,3.0,7.0,1.0,1.0,1.0,4.0,4.0
44,10,8,D,9,4,5,7,5,8.0,4,8.0,5.0,9.0,904,4408.0,90408.0,7.0,5.0,8.0,7.0,1.0,1.0,1.0,4.0,4.0
44,11,0,D,9,4,0,3,8,0.0,4,9.0,0.0,13.0,904,4409.0,90409.0,3.0,8.0,0.0,3.0,0.2,1.0,1.0,4.0,0.8
44,12,0,D,9,4,2,0,6,0.0,4,10.0,2.0,10.0,904,4410.0,90410.0,0.0,6.0,0.0,0.0,0.2,0.2,1.0,4.0,0.8
45,3,2,E,9,5,4,5,16,2.0,5,1.0,4.0,13.0,905,4501.0,90501.0,5.0,16.0,2.0,5.0,1.0,1.0,,,5.0
45,4,4,E,9,5,4,4,9,4.0,5,2.0,4.0,10.0,905,4502.0,90502.0,4.0,9.0,4.0,4.0,1.0,1.0,1.0,5.0,5.0
45,5,10,E,9,5,1,8,13,10.0,5,3.0,1.0,8.0,905,4503.0,90503.0,8.0,13.0,10.0,8.0,1.0,1.0,1.0,5.0,5.0
45,6,5,E,9,5,3,7,12,5.0,5,4.0,3.0,12.0,905,4504.0,90504.0,7.0,12.0,5.0,7.0,1.0,1.0,1.0,5.0,5.0
45,7,2,E,9,5,0,5,7,2.0,5,5.0,0.0,13.0,905,4505.0,90505.0,5.0,7.0,2.0,5.0,1.0,1.0,1.0,5.0,5.0
45,8,1,E,9,5,2,4,17,1.0,5,6.0,2.0,13.0,905,4506.0,90506.0,4.0,17.0,1.0,4.0,1.0,1.0,1.0,5.0,5.0
45,9,10,E,9,5,0,9,9,10.0,5,7.0,0.0,9.0,905,4507.0,90507.0,9.0,9.0,10.0,9.0,1.0,1.0,1.0,5.0,5.0
45,10,2,E,9,5,3,0,11,2.0,5,8.0,3.0,8.0,905,4508.0,90508.0,0.0,11.0,2.0,0.0,1.0,0.2,1.0,5.0,5.0
45,11,4,E,9,5,0,1,8,4.0,5,9.0,0.0,7.0,905,4509.0,90509.0,1.0,8.0,4.0,1.0,1.0,1.0,0.2,1.0,5.0
45,12,3,E,9,5,2,2,20,3.0,5,10.0,2.0,9.0,905,4510.0,90510.0,2.0,20.0,3.0,2.0,1.0,1.0,1.0,5.0,5.0
46,3,0,A,10,1,1,4,5,0.0,1,1.0,1.0,14.0,1001,4601.0,100101.0,4.0,5.0,0.0,4.0,0.2,1.0,,,0.2
46,4,6,A,10,1,3,5,19,6.0,1,2.0,3.0,9.0,1001,4602.0,100102.0,5.0,19.0,6.0,5.0,1.0,1.0,1.0,1.0,1.0
46,5,3,A,10,1,5,2,8,3.0,1,3.0,5.0,9.0,1001,4603.0,100103.0,2.0,8.0,3.0,2.0,1.0,1.0,1.0,1.0,1.0
46,6,5,A,10,1,0,10,11,5.0,1,4.0,0.0,15.0,1001,4604.0,100104.0,10.0,11.0,5.0,10.0,1.0,1.0,1.0,1.0,1.0
46,7,10,A,10,1,5,3,20,10.0,1,5.0,5.0,3.0,1001,4605.0,100105.0,3.0,20.0,10.0,3.0,1.0,1.0,1.0,1.0,1.0
46,8,1,A,10,1,4,9,15,1.0,1,6.0,4.0,18.0,1001,4606.0,100106.0,9.0,15.0,1.0,9.0,1.0,1.0,1.0,1.0,1.0
46,9,1,A,10,1,0,9,17,1.0,1,7.0,0.0,18.0,1001,4607.0,100107.0,9.0,17.0,1.0,9.0,1.0,1.0,1.0,1.0,1.0
46,10,4,A,10,1,3,4,11,4.0,1,8.0,3.0,10.0,1001,4608.0,100108.0,4.0,11.0,4.0,4.0,1.0,1.0,1.0,1.0,1.0
46,11,5,A,10,1,1,6,16,5.0,1,9.0,1.0,11.0,1001,4609.0,100109.0,6.0,16.0,5.0,6.0,1.0,1.0,1.0,1.0,1.0
46,12,10,A,10,1,3,10,5,10.0,1,10.0,3.0,10.0,1001,4610.0,100110.0,10.0,5.0,10.0,10.0,1.0,1.0,1.0,1.0,1.0
47,3,5,B,10,2,2,1,17,5.0,2,1.0,2.0,6.0,1002,4701.0,100201.0,1.0,17.0,5.0,1.0,1.0,1.0,,,2.0
47,4,3,B,10,2,2,4,15,3.0,2,2.0,2.0,11.0,1002,4702.0,100202.0,4.0,15.0,3.0,4.0,1.0,1.0,1.0,2.0,2.0
47,5,1,B,10,2,5,9,19,1.0,2,3.0,5.0,18.0,1002,4703.0,100203.0,9.0,19.0,1.0,9.0,1.0,1.0,1.0,2.0,2.0
47,6,4,B,10,2,5,6,9,4.0,2,4.0,5.0,12.0,1002,4704.0,100204.0,6.0,9.0,4.0,6.0,1.0,1.0,1.0,2.0,2.0
47,7,9,B,10,2,1,3,8,9.0,2,5.0,1.0,4.0,1002,4705.0,100205.0,3.0,8.0,9.0,3.0,1.0,1.0,1.0,2.0,2.0
47,8,10,B,10,2,3,4,12,10.0,2,6.0,3.0,4.0,1002,4706.0,100206.0,4.0,12.0,10.0,4.0,1.0,1.0,1.0,2.0,2.0
47,9,2,B,10,2,0,2,19,2.0,2,7.0,0.0,10.0,1002,4707.0,100207.0,2.0,19.0,2.0,2.0,1.0,1.0,1.0,2.0,2.0
47,10,9,B,10,2,4,9,11,9.0,2,8.0,4.0,10.0,1002,4708.0,100208.0,9.0,11.0,9.0,9.0,1.0,1.0,1.0,2.0,2.0
47,11,4,B,10,2,2,5,20,4.0,2,9.0,2.0,11.0,1002,4709.0,100209.0,5.0,20.0,4.0,5.0,1.0,1.0,1.0,2.0,2.0
47,12,8,B,10,2,5,5,11,8.0,2,10.0,5.0,7.0,1002,4710.0,100210.0,5.0,11.0,8.0,5.0,1.0,1.0,1.0,2.0,2.0
48,3,2,C,10,3,4,1,18,2.0,3,1.0,4.0,9.0,1003,4801.0,100301.0,1.0,18.0,2.0,1.0,1.0,1.0,,,3.0
48,4,7,C,10,3,1,9,5,7.0,3,2.0,1.0,12.0,1003,4802.0,100302.0,9.0,5.0,7.0,9.0,1.0,1.0,1.0,3.0,3.0
48,5,6,C,10,3,0,3,10,6.0,3,3.0,0.0,7.0,1003,4803.0,100303.0,3.0,10.0,6.0,3.0,1.0,1.0,1.0,3.0,3.0
48,6,5,C,10,3,0,4,6,5.0,3,4.0,0.0,9.0,1003,4804.0,100304.0,4.0,6.0,5.0,4.0,1.0,1.0,1.0,3.0,3.0
48,7,5,C,10,3,2,7,16,5.0,3,5.0,2.0,12.0,1003,4805.0,100305.0,7.0,16.0,5.0,7.0,1.0,1.0,1.0,3.0,3.0
48,8,9,C,10,3,3,3,11,9.0,3,6.0,3.0,4.0,1003,4806.0,100306.0,3.0,11.0,9.0,3.0,1.0,1.0,1.0,3.0,3.0
48,9,6,C,10,3,1,7,7,6.0,3,7.0,1.0,11.0,1003,4807.0,100307.0,7.0,7.0,6.0,7.0,1.0,1.0,1.0,3.0,3.0
48,10,3,C,10,3,3,9,12,3.0,3,8.0,3.0,16.0,1003,4808.0,100308.0,9.0,12.0,3.0,9.0,1.0,1.0,1.0,3.0,3.0
48,11,8,C,10,3,2,5,10,8.0,3,9.0,2.0,7.0,1003,4809.0,100309.0,5.0,10.0,8.0,5.0,1.0,1.0,1.0,3.0,3.0
48,12,9,C,10,3,4,5,12,9.0,3,10.0,4.0,6.0,1003,4810.0,100310.0,5.0,12.0,9.0,5.0,1.0,1.0,1.0,3.0,3.0
49,3,9,D,10,4,4,9,12,9.0,4,1.0,4.0,10.0,1004,4901.0,100401.0,9.0,12.0,9.0,9.0,1.0,1.0,,,4.0
49,4,8,D,10,4,3,1,15,8.0,4,2.0,3.0,3.0,1004,4902.0,100402.0,1.0,15.0,8.0,1.0,1.0,1.0,1.0,4.0,4.0
49,5,1,D,10,4,2,5,16,1.0,4,3.0,2.0,14.0,1004,4903.0,100403.0,5.0,16.0,1.0,5.0,1.0,1.0,1.0,4.0,4.0
49,6,0,D,10,4,2,9,16,0.0,4,4.0,2.0,19.0,1004,4904.0,100404.0,9.0,16.0,0.0,9.0,0.2,1.0,1.0,4.0,0.8
49,7,0,D,10,4,0,7,16,0.0,4,5.0,0.0,17.0,1004,4905.0,100405.0,7.0,16.0,0.0,7.0,0.2,1.0,1.0,4.0,0.8
49,8,10,D,10,4,1,9,14,10.0,4,6.0,1.0,9.0,1004,4906.0,100406.0,9.0,14.0,10.0,9.0,1.0,1.0,1.0,4.0,4.0
49,9,7,D,10,4,1,3,16,7.0,4,7.0,1.0,6.0,1004,4907.0,100407.0,3.0,16.0,7.0,3.0,1.0,1.0,1.0,4.0,4.0
49,10,9,D,10,4,2,6,10,9.0,4,8.0,2.0,7.0,1004,4908.0,100408.0,6.0,10.0,9.0,6.0,1.0,1.0,1.0,4.0,4.0
49,11,9,D,10,4,0,2,19,9.0,4,9.0,0.0,3.0,1004,4909.0,100409.0,2.0,19.0,9.0,2.0,1.0,1.0,1.0,4.0,4.0
49,12,10,D,10,4,1,7,14,10.0,4,10.0,1.0,7.0,1004,4910.0,100410.0,7.0,14.0,10.0,7.0,1.0,1.0,1.0,4.0,4.0
50,3,10,E,10,5,2,7,10,10.0,5,1.0,2.0,7.0,1005,5001.0,100501.0,7.0,10.0,10.0,7.0,1.0,1.0,,,5.0
50,4,4,E,10,5,4,9,13,4.0,5,2.0,4.0,15.0,1005,5002.0,100502.0,9.0,13.0,4.0,9.0,1.0,1.0,1.0,5.0,5.0
50,5,6,E,10,5,0,4,15,6.0,5,3.0,0.0,8.0,1005,5003.0,100503.0,4.0,15.0,6.0,4.0,1.0,1.0,1.0,5.0,5.0
50,6,9,E,10,5,1,1,19,9.0,5,4.0,1.0,2.0,1005,5004.0,100504.0,1.0,19.0,9.0,1.0,1.0,1.0,1.0,5.0,5.0
50,7,9,E,10,5,0,3,16,9.0,5,5.0,0.0,4.0,1005,5005.0,100505.0,3.0,16.0,9.0,3.0,1.0,1.0,1.0,5.0,5.0
50,8,10,E,10,5,0,5,11,10.0,5,6.0,0.0,5.0,1005,5006.0,100506.0,5.0,11.0,10.0,5.0,1.0,1.0,1.0,5.0,5.0
50,9,1,E,10,5,4,9,20,1.0,5,7.0,4.0,18.0,1005,5007.0,100507.0,9.0,20.0,1.0,9.0,1.0,1.0,1.0,5.0,5.0
50,10,3,E,10,5,1,8,14,3.0,5,8.0,1.0,15.0,1005,5008.0,100508.0,8.0,14.0,3.0,8.0,1.0,1.0,1.0,5.0,5.0
50,11,1,E,10,5,1,6,12,1.0,5,9.0,1.0,15.0,1005,5009.0,100509.0,6.0,12.0,1.0,6.0,1.0,1.0,1.0,5.0,5.0
50,12,2,E,10,5,4,0,11,2.0,5,10.0,4.0,8.0,1005,5010.0,100510.0,0.0,11.0,2.0,0.0,1.0,0.2,1.0,5.0,5.0
