year,unemp,countrynum,NAff,IMS,EXS,DUM70to74,DUM75to79,DUM80to84,DUM85to89,DUM90to94,DUM95to99,DUM0to4,DUM5to9,DUM10to14,DUM15to18
1967,1.875,0,20169.115137640416,0.031113218338423645,0.08135933277040686,0,0,0,0,0,0,0,0,0,0
1968,1.85,0,21213.1198175313,0.03233374215350038,0.08348567250896673,0,0,0,0,0,0,0,0,0,0
1969,1.8,0,22262.971990409536,0.037332561977255485,0.10767396451839695,0,0,0,0,0,0,0,0,0,0
1970,1.625,0,22701.992916324634,0.03920726227379954,0.11949685486968707,1,0,0,0,0,0,0,0,0,0
1971,1.925,0,22579.431350018538,0.04444039927373607,0.13503307404936915,1,0,0,0,0,0,0,0,0,0
1972,2.625,0,22757.810825649238,0.0561729781542534,0.15216985330780416,1,0,0,0,0,0,0,0,0,0
1973,2.325,0,23339.286127374366,0.10112944022838173,0.25008488631010717,1,0,0,0,0,0,0,0,0,0
1974,2.7,0,23278.52451993143,0.17944331574343497,0.2918827514880512,1,0,0,0,0,0,0,0,0,0
1975,4.925,0,23587.944233766728,0.14740763426145784,0.336158116222578,0,1,0,0,0,0,0,0,0,0
1976,4.75,0,24192.580454344923,0.18343343046556007,0.2554193441814661,0,1,0,0,0,0,0,0,0,0
1977,5.65,0,24135.808499211613,0.2064790627337439,0.2815928836930437,0,1,0,0,0,0,0,0,0,0
1978,6.442533,0,24819.651332886006,0.23360146635288176,0.3646881526373359,0,1,0,0,0,0,0,0,0,0
1979,6.265499,0,25297.032612003157,0.274335164801691,0.4651064928591787,0,1,0,0,0,0,0,0,0,0
1980,6.106246,0,25821.900313269038,0.31538203777384277,0.5336206691445102,0,0,1,0,0,0,0,0,0,0
1981,5.783571,0,26273.886087892322,0.3704134794008323,0.47494587439759645,0,0,1,0,0,0,0,0,0,0
1982,7.156132,0,25248.917111266695,0.38201091728036507,0.3737313640196411,0,0,1,0,0,0,0,0,0,0
1983,9.961594,0,26046.737883435264,0.28424531552802496,0.34983960406968756,0,0,1,0,0,0,0,0,0,0
1984,8.98968,0,27086.84489015007,0.3651145539289039,0.31516797847735945,0,0,1,0,0,0,0,0,0,0
1985,8.262986,0,27807.506685958575,0.33509753319183094,0.2997791949138361,0,0,0,1,0,0,0,0,0,0
1986,8.081038,0,28107.97442932636,0.3573449919181287,0.3032514611660951,0,0,0,1,0,0,0,0,0,0
1987,8.10804,0,29272.891698496922,0.437606593965799,0.3378726307539523,0,0,0,1,0,0,0,0,0,0
1988,7.227954,0,29910.79340853381,0.5716421283075851,0.43774535873356196,0,0,0,1,0,0,0,0,0,0
1989,6.179825,0,30458.773780784297,0.6933736138291301,0.48622700908108063,0,0,0,1,0,0,0,0,0,0
1990,6.923,0,29892.07494370977,0.6569620839982723,0.5605256363294107,0,0,0,0,1,0,0,0,0,0
1991,9.576522,0,29635.23369194556,0.7741376222816555,0.6610373709086256,0,0,0,0,1,0,0,0,0,0
1992,10.72814,0,30486.118618530567,0.871876053145618,0.7618124619923983,0,0,0,0,1,0,0,0,0,0
1993,10.87467,0,31419.55161065547,0.9418558075780094,0.8323200085070515,0,0,0,0,1,0,0,0,0,0
1994,9.72219,0,32312.125157283142,1.1546306789141547,0.9273940531125261,0,0,0,0,1,0,0,0,0,0
1995,8.472281,0,33193.63400993131,1.3344503111071935,1.108795397907683,0,0,0,0,0,1,0,0,0,0
1996,8.506114,0,34093.88608918841,1.4295775245503992,1.1879752786973208,0,0,0,0,0,1,0,0,0,0
1997,8.362488,0,35270.54524723584,1.4908112343936157,1.1590229316106064,0,0,0,0,0,1,0,0,0,0
1998,7.677429,0,36692.47110210547,1.4767180454066617,0.8645823455111259,0,0,0,0,0,1,0,0,0,0
1999,6.873791,0,37720.70082580172,1.7080999330960658,0.8196275645210108,0,0,0,0,0,1,0,0,0,0
2000,6.285546,0,38011.512874010674,1.9335903378916395,0.9175572727503502,0,0,0,0,0,0,1,0,0,0
2001,6.742173,0,39028.156882952426,1.72830489076509,0.9073526680402411,0,0,0,0,0,0,1,0,0,0
2002,6.368911,0,39738.88830128016,1.9989517460176192,0.9207011842079472,0,0,0,0,0,0,1,0,0,0
2003,5.92842,0,40877.63362495022,2.424613249009089,1.019407381125892,0,0,0,0,0,0,1,0,0,0
2004,5.396734,0,41738.754205271114,3.160120078236153,1.1465559997158359,0,0,0,0,0,0,1,0,0,0
2005,5.033881,0,42386.06368270479,3.6882370583695794,1.3246887182093552,0,0,0,0,0,0,0,1,0,0
2006,4.78524,0,43425.53712621692,4.05574781428703,1.4985076262462669,0,0,0,0,0,0,0,1,0,0
2007,4.379151,0,44199.952006042746,4.893854356950169,1.7924495797764397,0,0,0,0,0,0,0,1,0,0
2008,4.23433,0,44162.17312944361,5.75899415344445,1.818961546183501,0,0,0,0,0,0,0,1,0,0
2009,5.560385,0,44155.79238705321,5.0780342139548,1.518018033103073,0,0,0,0,0,0,0,1,0,0
2010,5.21334,0,44544.84964199394,6.276324567795721,1.7564940493567838,0,0,0,0,0,0,0,0,1,0
2011,5.081195,0,45651.42228584894,6.768347710328514,2.0260525658573285,0,0,0,0,0,0,0,0,1,0
2012,5.223376,0,46020.95713961774,7.116410047581058,1.9936923827914472,0,0,0,0,0,0,0,0,1,0
2013,5.66194,0,46381.515465431716,6.971188566963342,1.8038763302638232,0,0,0,0,0,0,0,0,1,0
2014,6.077244,0,46696.76148760892,6.902131061506143,1.6376665593181603,0,0,0,0,0,0,0,0,1,0
2015,6.056423,0,47304.82667635763,6.514421166813076,1.438035184060034,0,0,0,0,0,0,0,0,0,1
2016,5.710301,0,47674.33334351622,6.047493394003135,1.4049643225325863,0,0,0,0,0,0,0,0,0,1
2017,5.59376,0,48256.343264289775,6.595525928111371,1.4731028360103589,0,0,0,0,0,0,0,0,0,1
2018,5.299829,0,48402.41719435071,7.169085880086328,1.5216839041783807,0,0,0,0,0,0,0,0,0,1
1970,1.412589,1,20430.496273914618,0.02468785080641263,0.09714352833687186,1,0,0,0,0,0,0,0,0,0
1971,1.238531,1,21379.515636461765,0.024155012366239414,0.11179392509244153,1,0,0,0,0,0,0,0,0,0
1972,1.164418,1,22575.139700015945,0.028158628484930205,0.13812872346827135,1,0,0,0,0,0,0,0,0,0
1973,1.084896,1,23547.628924686745,0.0399012901283226,0.1651663695888613,1,0,0,0,0,0,0,0,0,0
1974,1.345436,1,24434.66400615446,0.05391561029061792,0.27836655761785595,1,0,0,0,0,0,0,0,0,0
1975,1.752424,1,24410.817225131395,0.05797181016872975,0.3910993046839315,0,1,0,0,0,0,0,0,0,0
1976,1.809018,1,25573.241870194073,0.08068495435338174,0.47348742405250704,0,1,0,0,0,0,0,0,0,0
1977,1.638162,1,26862.0431978627,0.0930302419554683,0.45116821445512045,0,1,0,0,0,0,0,0,0,0
1978,2.062655,1,26827.168131938608,0.09662010794627934,0.5491208767229889,0,1,0,0,0,0,0,0,0,0
1979,2.104195,1,28312.440311679366,0.11986910958251093,0.6595507812578311,0,1,0,0,0,0,0,0,0,0
1980,1.854277,1,28802.635575413413,0.16079605068105773,0.7843065930198188,0,0,1,0,0,0,0,0,0,0
1981,2.515609,1,28687.822403025086,0.1314337493476247,0.9316902671442188,0,0,1,0,0,0,0,0,0,0
1982,3.464959,1,29243.827167176736,0.12932212512713798,0.9237091472001133,0,0,1,0,0,0,0,0,0,0
1983,4.107561,1,30161.974567272024,0.13017748990567488,0.7767740150659962,0,0,1,0,0,0,0,0,0,0
1984,3.800045,1,30179.339897696653,0.1448861814638953,0.7316168015445362,0,0,1,0,0,0,0,0,0,0
1985,3.599384,1,30918.908526442356,0.14214224622609356,0.7696338674340178,0,0,0,1,0,0,0,0,0,0
1986,3.134631,1,31610.375407838048,0.18776039412753104,0.7320742367419697,0,0,0,1,0,0,0,0,0,0
1987,3.794924,1,32019.11186961241,0.27489707507766314,0.7298295246506653,0,0,0,1,0,0,0,0,0,0
1988,3.563734,1,33027.63283327513,0.3533118782771791,0.8045814292510663,0,0,0,1,0,0,0,0,0,0
1989,3.132628,1,34157.21596216898,0.4003663554975937,0.7520743917314147,0,0,0,1,0,0,0,0,0,0
1990,3.240462,1,35371.004304590475,0.5339446498403374,0.984446552963236,0,0,0,0,1,0,0,0,0,0
1991,3.475676,1,36224.855436394915,0.5636309279601971,0.9863310082586295,0,0,0,0,1,0,0,0,0,0
1992,3.593146,1,36578.44348004753,0.6474997994340541,1.240902855018975,0,0,0,0,1,0,0,0,0,0
1993,4.217466,1,36469.168486466355,0.7050030088706866,1.1682650648571005,0,0,0,0,1,0,0,0,0,0
1994,3.577942,1,37201.74245141012,0.9000721087122067,1.1765752853104057,0,0,0,0,1,0,0,0,0,0
1995,3.699785,1,38135.845764327816,0.8091046293246209,1.3155914474150292,0,0,0,0,0,1,0,0,0,0
1996,4.139831,1,38979.20007950732,0.8323044035164535,1.3058345453788618,0,0,0,0,0,1,0,0,0,0
1997,4.242406,1,39750.1942698337,0.8240357791591036,1.335113003306968,0,0,0,0,0,1,0,0,0,0
1998,4.235766,1,41128.663413310795,0.8331258319434188,1.1987849431346786,0,0,0,0,0,1,0,0,0,0
1999,3.727968,1,42508.553758400405,0.8056440112241506,1.0900277084565746,0,0,0,0,0,1,0,0,0,0
2000,3.533025,1,43837.97635818016,0.893632527104604,1.0962205130496585,0,0,0,0,0,0,1,0,0,0
2001,3.59086,1,44223.864139244855,1.118275487643548,1.2992085387941577,0,0,0,0,0,0,1,0,0,0
2002,3.951978,1,44732.71443226351,1.0707385199092587,1.4454205018875081,0,0,0,0,0,0,1,0,0,0
2003,4.286487,1,44952.93743906473,1.3401735757017268,1.763137464701645,0,0,0,0,0,0,1,0,0,0
2004,5.49025,1,45893.03954823836,1.6523679523124604,2.245138008917656,0,0,0,0,0,0,1,0,0,0
2005,5.628417,1,46604.374867329716,1.8523097605096401,2.447270247223841,0,0,0,0,0,0,0,1,0,0
2006,5.246718,1,47965.28157893591,2.217230492415235,2.8802237833706315,0,0,0,0,0,0,0,1,0,0
2007,4.858952,1,49589.75989576608,2.4775713235306496,3.5882075652237506,0,0,0,0,0,0,0,1,0,0
2008,4.129104,1,50154.6501423234,3.0031719483984456,4.206042174063764,0,0,0,0,0,0,0,1,0,0
2009,5.298988,1,48151.14821908766,2.6760456059322895,3.5341667415733466,0,0,0,0,0,0,0,1,0,0
2010,4.82168,1,48920.86257152046,2.9816967866648496,3.8800364070465294,0,0,0,0,0,0,0,0,1,0
2011,4.566622,1,50185.86631466237,3.49306725634977,4.434582887006273,0,0,0,0,0,0,0,0,1,0
2012,4.863267,1,50300.82861883451,3.369282243648473,4.459333958601865,0,0,0,0,0,0,0,0,1,0
2013,5.336031,1,50011.44563731313,3.588120077659304,4.707737295935267,0,0,0,0,0,0,0,0,1,0
2014,5.621219,1,49949.13934240113,3.9454307870158556,4.708687629089794,0,0,0,0,0,0,0,0,1,0
2015,5.723468,1,49955.45611522496,3.579301398599391,3.7010874202976765,0,0,0,0,0,0,0,0,0,1
2016,6.014071,1,50352.31981121778,3.6612720597618105,3.4446294159820665,0,0,0,0,0,0,0,0,0,1
2017,5.500528,1,51275.024255057346,3.875518063791359,3.654833542099042,0,0,0,0,0,0,0,0,0,1
2018,4.848801,1,52262.417265021344,4.248479711981354,3.890076810436277,0,0,0,0,0,0,0,0,0,1
1999,8.561709,2,38859.585334807816,3.442174818024827,3.429799305240238,0,0,0,0,0,1,0,0,0,0
2000,7.00965,2,40206.25672174322,3.953754872141772,3.738556505235107,0,0,0,0,0,0,1,0,0,0
2001,6.607931,2,40508.78504605665,4.063263360050329,3.658825769552582,0,0,0,0,0,0,1,0,0,0
2002,7.511277,2,41015.96257271638,4.327020776947994,4.282562802043934,0,0,0,0,0,0,1,0,0,0
2003,8.172144,2,41268.563481760546,4.9235306158222745,4.917604887155634,0,0,0,0,0,0,1,0,0,0
2004,8.387378,2,42557.76340250144,6.167660395538759,5.9121668931003555,0,0,0,0,0,0,1,0,0,0
2005,8.438975,2,43306.957444861284,7.200112719118216,6.596226879149375,0,0,0,0,0,0,0,1,0,0
2006,8.249064,2,44120.35145008189,7.893150767184008,7.026664877400156,0,0,0,0,0,0,0,1,0,0
2007,7.459264,2,45407.9359564136,9.788226121672672,8.271197182713925,0,0,0,0,0,0,0,1,0,0
2008,6.970808,2,45251.96725931039,10.668886536854941,9.363633867651615,0,0,0,0,0,0,0,1,0,0
2009,7.906314,2,43982.232609129365,8.312446387952154,8.109644201431895,0,0,0,0,0,0,0,1,0,0
2010,8.293048,2,44830.551372670176,10.075369508394921,9.689130946703463,0,0,0,0,0,0,0,0,1,0
2011,7.139795,2,45183.68881539978,12.339727146775154,11.90911263860049,0,0,0,0,0,0,0,0,1,0
2012,7.537931,2,45212.82167790593,11.291047424550495,11.710678616005879,0,0,0,0,0,0,0,0,1,0
2013,8.425185,2,45186.57273196403,12.63072837079192,13.369118851652457,0,0,0,0,0,0,0,0,1,0
2014,8.52289,2,45675.09143741494,12.483563330478173,12.032041885228026,0,0,0,0,0,0,0,0,1,0
2015,8.481071,2,46360.16978817587,10.949690634881607,9.387024545230934,0,0,0,0,0,0,0,0,0,1
2016,7.833329,2,46810.06011242317,11.348157913990798,9.446637020340628,0,0,0,0,0,0,0,0,0,1
2017,7.088736,2,47473.96419146185,11.466350291687775,10.049413945185812,0,0,0,0,0,0,0,0,0,1
2018,5.949855,2,47949.27201076138,12.509730277919052,10.072381756327601,0,0,0,0,0,0,0,0,0,1
1965,3.95,3,18714.24114361088,0.016657837493920125,0.06435105717064997,0,0,0,0,0,0,0,0,0,0
1966,3.375,3,19639.92313352807,0.01726219541744246,0.07486645016626416,0,0,0,0,0,0,0,0,0,0
1967,3.833333,3,19882.627395884556,0.021445265872517147,0.07363675606444303,0,0,0,0,0,0,0,0,0,0
1968,4.525,3,20545.62899676787,0.022242008683026438,0.08572544512433888,0,0,0,0,0,0,0,0,0,0
1969,4.425,3,21269.774741684054,0.026022898496294446,0.09166205713923631,0,0,0,0,0,0,0,0,0,0
1970,5.675,3,21590.54086734061,0.026485383214148832,0.11333715714466593,1,0,0,0,0,0,0,0,0,0
1971,6.2,3,22227.437752572256,0.03111230858444449,0.10764913385131814,1,0,0,0,0,0,0,0,0,0
1972,6.233333,3,23181.430448181767,0.046296451757711035,0.1271253822571842,1,0,0,0,0,0,0,0,0,0
1973,5.566667,3,24465.102895160304,0.05422508140991311,0.13221867173543603,1,0,0,0,0,0,0,0,0,0
1974,5.333333,3,24917.346358196122,0.0775894250160816,0.20322419900954086,1,0,0,0,0,0,0,0,0,0
1975,6.916667,3,24915.163381155002,0.08097946579539876,0.26752156553939693,0,1,0,0,0,0,0,0,0,0
1976,7.083333,3,26034.999749251678,0.11119180055794184,0.288807571841537,0,1,0,0,0,0,0,0,0,0
1977,8.058333,3,26616.807731552468,0.1006713634150545,0.29783485369269724,0,1,0,0,0,0,0,0,0,0
1978,8.383333,3,27323.884386406942,0.101658410644817,0.34314574924852026,0,1,0,0,0,0,0,0,0,0
1979,7.55,3,28058.84302670937,0.14532326044518626,0.37099230261725974,0,1,0,0,0,0,0,0,0,0
1980,7.55,3,28296.38998196541,0.1509850858924504,0.49187929455258816,0,0,1,0,0,0,0,0,0,0
1981,7.633333,3,28920.528446612323,0.18113510748795397,0.521905215948452,0,0,1,0,0,0,0,0,0,0
1982,11.03333,3,27667.64876870759,0.18516369504321445,0.5287626367707249,0,0,1,0,0,0,0,0,0,0
1983,12.03333,3,28108.15484199977,0.23357733750582438,0.3431572786851976,0,0,1,0,0,0,0,0,0,0
1984,11.35,3,29489.206563519823,0.3077782129545668,0.35562457032113004,0,0,1,0,0,0,0,0,0,0
1985,10.66667,3,30605.2833521837,0.2792457741260255,0.299945431291269,0,0,0,1,0,0,0,0,0,0
1986,9.675,3,30952.54310701212,0.331341252379664,0.31725631880977384,0,0,0,1,0,0,0,0,0,0
1987,8.833333,3,31791.38952487694,0.37173290953789667,0.29504158984689294,0,0,0,1,0,0,0,0,0,0
1988,7.766667,3,32765.8091501088,0.5185101332692081,0.36256227519954703,0,0,0,1,0,0,0,0,0,0
1989,7.566667,3,32928.84697794802,0.5836966296616689,0.3565749181796404,0,0,0,1,0,0,0,0,0,0
1990,8.15,3,32489.52876909573,0.6026278281585874,0.40837716902724985,0,0,0,0,1,0,0,0,0,0
1991,10.325,3,31418.871536682047,0.7575851619049547,0.4377808613057726,0,0,0,0,1,0,0,0,0,0
1992,11.19167,3,31328.689504281516,0.8499814235444108,0.4416711139783705,0,0,0,0,1,0,0,0,0,0
1993,11.4,3,31810.794486578307,0.9770869795514175,0.49425129871910545,0,0,0,0,1,0,0,0,0,0
1994,10.41667,3,32878.43689987363,1.1123566638569045,0.5151390553891705,0,0,0,0,1,0,0,0,0,0
1995,9.508333,3,33416.59424405126,1.2742196657198748,0.6852714230821624,0,0,0,0,0,1,0,0,0,0
1996,9.608334,3,33604.551837477185,1.3143469924500601,0.6334949685736443,0,0,0,0,0,1,0,0,0,0
1997,9.116667,3,34696.31310132687,1.5204020456672858,0.6523352329006882,0,0,0,0,0,1,0,0,0,0
1998,8.283334,3,35750.205286502576,1.5368631665169974,0.4809811716961704,0,0,0,0,0,1,0,0,0,0
1999,7.591667,3,37291.60017770301,1.6582689359897338,0.4212966586848272,0,0,0,0,0,1,0,0,0,0
2000,6.816667,3,38858.84776734984,2.004759563534346,0.5087233984430883,0,0,0,0,0,0,1,0,0,0
2001,7.216667,3,39127.03646077087,1.8608092038543622,0.5200793444735913,0,0,0,0,0,0,1,0,0,0
2002,7.675,3,39871.95733786258,2.0198042659618802,0.5008391447493824,0,0,0,0,0,0,1,0,0,0
2003,7.575,3,40226.03232749004,2.3639076031141633,0.5727458578986127,0,0,0,0,0,0,1,0,0,0
2004,7.191667,3,41082.69836357458,2.967225576177845,0.7502036161682855,0,0,0,0,0,0,1,0,0,0
2005,6.758333,3,42000.51026008046,3.509778931855027,0.9319672428910515,0,0,0,0,0,0,0,1,0,0
2006,6.333333,3,42673.59983708294,4.107066639961566,1.123192346699924,0,0,0,0,0,0,0,1,0,0
2007,6.05,3,43136.76515798204,4.593898023001807,1.3617407830482322,0,0,0,0,0,0,0,1,0,0
2008,6.141667,3,43100.706082253506,4.8948432333356475,1.562189995330279,0,0,0,0,0,0,0,1,0,0
2009,8.35,3,41364.60832864119,4.31557344397435,1.2304921705820293,0,0,0,0,0,0,0,1,0,0
2010,8.058333,3,42171.23818283895,5.340796686135965,1.3899777473522719,0,0,0,0,0,0,0,0,1,0
2011,7.525,3,43074.35031926076,5.895352224282462,1.5595598825181245,0,0,0,0,0,0,0,0,1,0
2012,7.291667,3,43359.50278534256,6.011047547068922,1.518731609380027,0,0,0,0,0,0,0,0,1,0
2013,7.083333,3,43903.063507708044,5.9154825094588634,1.4554799219878813,0,0,0,0,0,0,0,0,1,0
2014,6.908333,3,44711.330362934,5.944679279530641,1.4119689285172243,0,0,0,0,0,0,0,0,1,0
2015,6.908333,3,44671.409505354575,5.749908812577102,1.3455931863749648,0,0,0,0,0,0,0,0,0,1
2016,6.991667,3,44610.72669628345,5.488886188714523,1.236103814278925,0,0,0,0,0,0,0,0,0,1
2017,6.341667,3,45482.61130432869,5.988523401094097,1.2286105987489446,0,0,0,0,0,0,0,0,0,1
2018,5.833333,3,45749.18391976266,6.2957984418893185,1.3182901362833535,0,0,0,0,0,0,0,0,0,1
1998,6.476871,4,21974.647853805505,0.6027270348041228,0.7027996695282477,0,0,0,0,0,1,0,0,0,0
1999,8.755593,4,22315.865771370867,0.6318625947350609,0.5453366922586602,0,0,0,0,0,1,0,0,0,0
2000,8.823602,4,23291.313324513023,0.7441638213738667,0.6515247603814704,0,0,0,0,0,0,1,0,0,0
2001,8.165375,4,24082.05942337546,1.0380929780840562,0.6692988327026329,0,0,0,0,0,0,1,0,0,0
2002,7.313614,4,24536.21299717061,1.8059591960191312,0.9603137406904202,0,0,0,0,0,0,1,0,0,0
2003,7.812037,4,25418.064870088187,2.1571464749888736,0.9274420254965346,0,0,0,0,0,0,1,0,0,0
2004,8.322025,4,26651.44552378812,2.488619049150693,1.363347313071301,0,0,0,0,0,0,1,0,0,0
2005,7.928005,4,28317.333731219143,2.459805783888901,1.628789809326174,0,0,0,0,0,0,0,1,0,0
2006,7.148034,4,30162.1247192121,3.1196178299491963,1.852774651110551,0,0,0,0,0,0,0,1,0,0
2007,5.321516,4,31679.07311747937,4.4592515928979894,2.5463516331802754,0,0,0,0,0,0,0,1,0,0
2008,4.392356,4,32195.067572465232,5.790426670879152,3.039538555579553,0,0,0,0,0,0,0,1,0,0
2009,6.658732,4,30468.339422076482,5.007904826151363,2.7921884192182564,0,0,0,0,0,0,0,1,0,0
2010,7.279707,4,31084.70459046935,6.939090796467814,3.3288751327293538,0,0,0,0,0,0,0,0,1,0
2011,6.711369,4,31699.352556696067,8.342157684897716,4.205237929415504,0,0,0,0,0,0,0,0,1,0
2012,6.977849,4,31408.0635830065,7.1047748287309815,4.60350129160991,0,0,0,0,0,0,0,0,1,0
2013,6.953799,4,31251.890503399434,7.169286720361593,4.919240801637837,0,0,0,0,0,0,0,0,1,0
2014,6.109115,4,32057.520653870015,7.791213416261816,4.943616417057595,0,0,0,0,0,0,0,0,1,0
2015,5.046221,4,33701.3839969906,7.817722272044012,3.767196699312636,0,0,0,0,0,0,0,0,0,1
2016,3.952049,4,34454.2372547676,7.3737346590396555,3.7005890354538216,0,0,0,0,0,0,0,0,0,1
2017,2.890817,4,35871.58638639728,8.239066757705395,3.997269289359742,0,0,0,0,0,0,0,0,0,1
2018,2.243518,4,36764.39025147675,9.813600738248867,4.16440753188732,0,0,0,0,0,0,0,0,0,1
1995,7.09748,5,39939.5717292407,1.0334515545682765,1.444944078231616,0,0,0,0,0,1,0,0,0,0
1996,6.903341,5,40835.079805143134,1.0299893176383836,1.2674793488232918,0,0,0,0,0,1,0,0,0,0
1997,6.157914,5,41985.39133495577,1.0573862482672556,1.1641212763913777,0,0,0,0,0,1,0,0,0,0
1998,5.536391,5,42778.39044884051,1.0704419546630919,1.097979367627833,0,0,0,0,0,1,0,0,0,0
1999,5.586067,5,43892.07407027227,1.1170135906339134,0.978020692054332,0,0,0,0,0,1,0,0,0,0
2000,4.625956,5,45381.091194421795,1.188193096526443,1.0674112311630328,0,0,0,0,0,0,1,0,0,0
2001,4.606088,5,45603.09080234439,1.1790982831689751,1.1311381112746144,0,0,0,0,0,0,1,0,0,0
2002,4.586689,5,45652.308124567964,1.262633601248848,1.136418242701444,0,0,0,0,0,0,1,0,0,0
2003,5.406289,5,45720.47286759254,1.8950333793959366,1.4343688686158669,0,0,0,0,0,0,1,0,0,0
2004,5.507644,5,46818.69846146498,2.4061889989622993,1.6875906252441697,0,0,0,0,0,0,1,0,0,0
2005,4.830782,5,47781.745845348705,2.6969055850685946,1.798597705036051,0,0,0,0,0,0,0,1,0,0
2006,3.898582,5,49481.61599626981,3.024799790624083,1.8689443519534676,0,0,0,0,0,0,0,1,0,0
2007,3.79897,5,49722.47893920473,3.531946058808789,2.3141435804527606,0,0,0,0,0,0,0,1,0,0
2008,3.683691,5,49183.044484062906,4.1377817260540235,2.9580984674897075,0,0,0,0,0,0,0,1,0,0
2009,6.411551,5,46512.09472118644,3.925099876592529,2.697356741180076,0,0,0,0,0,0,0,1,0,0
2010,7.747934,5,47173.97615254033,4.184325560979435,2.9349969713848654,0,0,0,0,0,0,0,0,1,0
2011,7.769598,5,47606.76040479581,4.2625137491614895,3.5322857699500894,0,0,0,0,0,0,0,0,1,0
2012,7.797653,5,47541.83075789969,3.9360325610265643,3.098360566821168,0,0,0,0,0,0,0,0,1,0
2013,7.382339,5,47799.91386724823,3.9549365225882585,3.4382090946934305,0,0,0,0,0,0,0,0,1,0
2014,6.927884,5,48307.54459575025,4.245991654461733,3.474083319531598,0,0,0,0,0,0,0,0,1,0
2015,6.278275,5,49102.864653592915,3.748967703465105,2.9794084518016244,0,0,0,0,0,0,0,0,0,1
2016,5.988536,5,50288.38284371476,3.855809519984631,2.7807069236405435,0,0,0,0,0,0,0,0,0,1
2017,5.833254,5,50989.55398429425,4.031908330820489,2.6755930295109454,0,0,0,0,0,0,0,0,0,1
2018,5.132677,5,51945.01359854659,4.230758181558798,2.699514511026492,0,0,0,0,0,0,0,0,0,1
2000,14.62371,6,16775.199304215865,2.7068951011785436,0.7955396727087861,0,0,0,0,0,0,1,0,0,0
2001,13.01181,6,17891.892242357444,3.554647982018363,1.0982071431458942,0,0,0,0,0,0,1,0,0,0
2002,11.21852,6,19230.39547613006,3.2033587748156997,1.1831139352001847,0,0,0,0,0,0,1,0,0,0
2003,10.35088,6,20815.735379946305,3.6084611772869275,1.777323840388748,0,0,0,0,0,0,1,0,0,0
2004,10.13928,6,22357.69146086382,4.449873772597658,2.1374941973538966,0,0,0,0,0,0,1,0,0,0
2005,8.033425,6,24619.98966618073,4.28160036293703,2.319702883683339,0,0,0,0,0,0,0,1,0,0
2006,5.914059,6,27172.49975868905,4.8241182258010955,3.0121303705830136,0,0,0,0,0,0,0,1,0,0
2007,4.592134,6,29364.081436286062,5.086279940294509,3.2237601005899315,0,0,0,0,0,0,0,1,0,0
2008,5.434531,6,27944.588845926603,6.021588748805304,5.357217749416615,0,0,0,0,0,0,0,1,0,0
2009,13.54691,6,23957.241095079487,4.261211290341872,5.400091774817422,0,0,0,0,0,0,0,1,0,0
2010,16.70262,6,24657.940779962075,5.185590700267878,5.924955669843664,0,0,0,0,0,0,0,0,1,0
2011,12.33337,6,26574.01357049175,7.153925553520582,8.245759374058656,0,0,0,0,0,0,0,0,1,0
2012,10.02366,6,27502.678166411628,7.481090180720254,9.4821099625632,0,0,0,0,0,0,0,0,1,0
2013,8.631536,6,27972.289997625183,7.260634213034145,9.369198693274615,0,0,0,0,0,0,0,0,1,0
2014,7.355543,6,28883.563134012144,7.373618297376631,7.138490571856823,0,0,0,0,0,0,0,0,1,0
2015,6.191967,6,29415.02204459428,5.810905289116578,4.159631654665275,0,0,0,0,0,0,0,0,0,1
2016,6.753039,6,30161.978811208475,5.795851329532111,4.4047087247716465,0,0,0,0,0,0,0,0,0,1
2017,5.762793,6,31857.33802748477,6.4710431390491205,4.688915675531222,0,0,0,0,0,0,0,0,0,1
2018,5.374337,6,33258.163341722284,7.6348674822553075,5.083806765087449,0,0,0,0,0,0,0,0,0,1
1998,11.41814,7,34229.63382742483,1.1375708875979322,3.7800079438495704,0,0,0,0,0,1,0,0,0,0
1999,10.21153,7,35645.97173151717,1.1663502195711493,3.053644042730802,0,0,0,0,0,1,0,0,0,0
2000,9.800185,7,37625.76388522629,1.4141543102828318,3.970707658417816,0,0,0,0,0,0,1,0,0,0
2001,9.121559,7,38519.874074909334,1.3275131958672166,3.8401485518163856,0,0,0,0,0,0,1,0,0,0
2002,9.081173,7,39082.581214698774,1.4301438027417381,3.829621965486421,0,0,0,0,0,0,1,0,0,0
2003,9.016909,7,39770.7606737758,2.001141577108779,4.870342817195683,0,0,0,0,0,0,1,0,0,0
2004,8.816031,7,41238.59373054411,2.6386055441435383,6.36716144411836,0,0,0,0,0,0,1,0,0,0
2005,8.37867,7,42240.03257658069,3.209645421264949,7.378617373764318,0,0,0,0,0,0,0,1,0,0
2006,7.714881,7,43772.96587373292,4.207589159285302,7.82344867108951,0,0,0,0,0,0,0,1,0,0
2007,6.853993,7,45896.814238003564,4.703291860614774,8.574336656732617,0,0,0,0,0,0,0,1,0,0
2008,6.362757,7,46041.80592155905,4.981501905386377,9.42182251084871,0,0,0,0,0,0,0,1,0,0
2009,8.237782,7,42122.200440655295,3.7354917404411676,5.811507490421567,0,0,0,0,0,0,0,1,0,0
2010,8.386981,7,43265.84075112882,3.9402821228572438,6.540787836773638,0,0,0,0,0,0,0,0,1,0
2011,7.774969,7,44162.7645931757,3.030350941823435,6.836386811369428,0,0,0,0,0,0,0,0,1,0
2012,7.68181,7,43338.98400193425,4.338740595036114,6.616896851148085,0,0,0,0,0,0,0,0,1,0
2013,8.186392,7,42750.58638806025,3.962614456689915,6.355154797584851,0,0,0,0,0,0,0,0,1,0
2014,8.657802,7,42418.844066298916,3.9818796768952343,5.780590544116265,0,0,0,0,0,0,0,0,1,0
2015,9.367311,7,42509.150788170075,3.2935097511363947,4.303586306211836,0,0,0,0,0,0,0,0,0,1
2016,8.811286,7,43557.177473756194,3.3135085078238884,3.8876791939782884,0,0,0,0,0,0,0,0,0,1
2017,8.63445,7,44876.0344242566,4.089529818712037,4.364248962067526,0,0,0,0,0,0,0,0,0,1
2018,7.357432,7,45496.08251254413,4.20146121354429,4.610438743066149,0,0,0,0,0,0,0,0,0,1
2005,8.493855,8,39394.51235267874,4.546403086071439,5.3975137982666626,0,0,0,0,0,0,0,1,0,0
2006,8.449007,8,40082.41903582212,5.055542531144163,6.073495318401344,0,0,0,0,0,0,0,1,0,0
2007,7.658579,8,40804.651006114254,6.114220508406106,6.929630379810269,0,0,0,0,0,0,0,1,0,0
2008,7.062972,8,40684.21470298664,6.767460760154981,8.079268615465224,0,0,0,0,0,0,0,1,0,0
2009,8.735972,8,39315.6626051264,6.094727378295432,7.043033612794796,0,0,0,0,0,0,0,1,0,0
2010,8.871792,8,39887.51055857712,3.4915373844316986,3.9075727512882446,0,0,0,0,0,0,0,0,1,0
2011,8.811044,8,40565.38332345148,4.066418182389532,4.200931199849825,0,0,0,0,0,0,0,0,1,0
2012,9.399351,8,40495.9973715578,3.7760037166096883,4.332452257910649,0,0,0,0,0,0,0,0,1,0
2013,9.921325,8,40523.0858479425,3.8068282265052558,4.308837274951506,0,0,0,0,0,0,0,0,1,0
2014,10.29171,8,40576.79698939617,3.919880649183857,4.1451409155831085,0,0,0,0,0,0,0,0,1,0
2015,10.35453,8,40882.87388525938,3.5774205360252083,3.651966464348452,0,0,0,0,0,0,0,0,0,1
2016,10.03868,8,41223.52565691537,3.577302388956491,3.5096471841929993,0,0,0,0,0,0,0,0,0,1
2017,9.406466,8,42077.24779526092,3.8022263370523475,3.7697336288191443,0,0,0,0,0,0,0,0,0,1
2018,9.016774,8,42759.887716024175,4.042263667580044,3.921787753059213,0,0,0,0,0,0,0,0,0,1
1991,5.569215,9,35600.13390798181,0.9404447849814315,1.3194706050297949,0,0,0,0,1,0,0,0,0,0
1992,6.621125,9,36011.67427296787,1.0368029609145006,1.738147759407923,0,0,0,0,1,0,0,0,0,0
1993,7.869413,9,35425.3464324574,1.0425073181433882,1.6696094983235958,0,0,0,0,1,0,0,0,0,0
1994,8.401136,9,36149.26292584577,1.1436146750781444,1.7586061135450664,0,0,0,0,1,0,0,0,0,0
1995,8.126454,9,36596.36568680892,1.325358483677154,2.070108948332359,0,0,0,0,0,1,0,0,0,0
1996,8.86304,9,36790.148803817385,1.3081385176699174,2.125110785392449,0,0,0,0,0,1,0,0,0,0
1997,9.817107,9,37391.60221991222,1.3032005650822855,2.1570639756073824,0,0,0,0,0,1,0,0,0,0
1998,9.201705,9,38140.78101169014,1.3460779343498464,2.0054975622516165,0,0,0,0,0,1,0,0,0,0
1999,8.414573,9,38837.27947553091,1.3587839786223206,1.7573697440820226,0,0,0,0,0,1,0,0,0,0
2005,11.16768,9,40859.67142293869,6.04931158337352,8.22945833082491,0,0,0,0,0,0,0,1,0,0
2006,10.25272,9,42466.174829074625,7.230571006255293,9.722171659614908,0,0,0,0,0,0,0,1,0,0
2007,8.66153,9,43791.914435075436,8.174361438566242,11.245814932578773,0,0,0,0,0,0,0,1,0,0
2008,7.527764,9,44297.45829066552,9.40883997054428,13.232660698353351,0,0,0,0,0,0,0,1,0,0
2009,7.743155,9,41879.74641691416,8.23528741361101,11.466605731326975,0,0,0,0,0,0,0,1,0,0
2010,6.967637,9,43696.77691641565,5.01232356958638,6.874402082275694,0,0,0,0,0,0,0,0,1,0
2011,5.827424,9,46261.151562278166,5.472427137905544,8.03095552109471,0,0,0,0,0,0,0,0,1,0
2012,5.380757,9,46368.110243592644,4.9642209253758836,7.915636608425315,0,0,0,0,0,0,0,0,1,0
2013,5.231962,9,46439.77296220916,4.93712542964945,8.058356195596362,0,0,0,0,0,0,0,0,1,0
2014,4.981592,9,47275.88685925273,5.163591334464849,7.866606173294793,0,0,0,0,0,0,0,0,1,0
2015,4.624955,9,47683.77612643678,4.844334465625591,6.45977425000368,0,0,0,0,0,0,0,0,0,1
2016,4.122733,9,48355.210638559314,4.872728403469677,6.3290238807863215,0,0,0,0,0,0,0,0,0,1
2017,3.746631,9,49362.3596850488,5.349831650507948,6.781513066200104,0,0,0,0,0,0,0,0,0,1
2018,3.38409,9,49960.88584281067,5.754062470439795,7.181569532565641,0,0,0,0,0,0,0,0,0,1
1998,11.22358,10,26054.649784753652,0.7025969879461363,0.3480270129110568,0,0,0,0,0,1,0,0,0,0
1999,12.09605,10,26752.414293729482,0.6740789669940178,0.2979179812501046,0,0,0,0,0,1,0,0,0,0
2005,9.994969,10,32949.09044210615,3.068627126782845,0.984243877114844,0,0,0,0,0,0,0,1,0,0
2006,9.008785,10,34707.11644241217,3.446436705096867,0.9634825689927613,0,0,0,0,0,0,0,1,0,0
2007,8.397298,10,35752.17780459297,4.633104834343592,1.0187780149236443,0,0,0,0,0,0,0,1,0,0
2008,7.760761,10,35537.86678972315,5.574500212940106,1.362241669086502,0,0,0,0,0,0,0,1,0,0
2009,9.615903,10,33920.13529825334,4.507890754905871,1.1949179350807948,0,0,0,0,0,0,0,1,0,0
2010,12.71716,10,32020.471914185913,2.283427490557239,0.7278538800657918,0,0,0,0,0,0,0,0,1,0
2011,17.87071,10,29139.289385766642,2.186901342693081,0.9107939330650954,0,0,0,0,0,0,0,0,1,0
2012,24.44174,10,27158.44562386091,1.9356728459096604,1.012784445918426,0,0,0,0,0,0,0,0,1,0
2013,27.46715,10,26469.36808044425,2.052301836717597,1.037707614773066,0,0,0,0,0,0,0,0,1,0
2014,26.49027,10,26843.385805627127,2.2719851297211395,1.032716701188758,0,0,0,0,0,0,0,0,1,0
2015,24.90084,10,26902.52898954734,1.9901007023968915,0.8396467801335303,0,0,0,0,0,0,0,0,0,1
2016,23.54104,10,26963.068024217955,2.152423972065091,0.7512131548630875,0,0,0,0,0,0,0,0,0,1
2017,21.48901,10,27423.073622188072,2.332562934677584,0.8253356076819096,0,0,0,0,0,0,0,0,0,1
2018,19.29447,10,28028.57760188762,2.8441382280544834,0.8565023024292058,0,0,0,0,0,0,0,0,0,1
1999,6.995957,11,18068.867266479494,1.2775934702290659,0.49802650432106454,0,0,0,0,0,1,0,0,0,0
2005,7.188301,11,23754.35122648176,5.805266712038165,3.9356122972931553,0,0,0,0,0,0,0,1,0,0
2006,7.494521,11,24750.39047303774,6.028838419132066,5.376349497512479,0,0,0,0,0,0,0,1,0,0
2007,7.406472,11,24848.80997770635,7.952758077723702,7.122147837891687,0,0,0,0,0,0,0,1,0,0
2008,7.817173,11,25155.791454750888,8.918268082186271,8.159366102018748,0,0,0,0,0,0,0,1,0,0
2009,10.02932,11,23506.853788225806,7.6128844086373295,6.740758699044957,0,0,0,0,0,0,0,1,0,0
2010,11.17377,11,23716.55007689985,4.5576225659867005,4.415897767622064,0,0,0,0,0,0,0,0,1,0
2011,11.03269,11,24247.86438639743,4.461924573631465,5.564979750734343,0,0,0,0,0,0,0,0,1,0
2012,11.00812,11,23983.60937159161,4.066662711937888,4.97013914633632,0,0,0,0,0,0,0,0,1,0
2013,10.18524,11,24521.838854480447,4.190596767055673,4.952947259331003,0,0,0,0,0,0,0,0,1,0
2014,7.728486,11,25619.478524529448,3.6590069422004907,4.32161820656844,0,0,0,0,0,0,0,0,1,0
2016,5.119285,11,27335.279486726446,3.3275600876820333,3.372256237373697,0,0,0,0,0,0,0,0,0,1
2017,4.157162,11,28592.84763774793,3.5884647361206645,3.715029880365246,0,0,0,0,0,0,0,0,0,1
2018,3.707886,11,30112.03189115033,4.103862151549934,3.388184900007918,0,0,0,0,0,0,0,0,0,1
2005,2.547312,12,44847.343411944705,6.898500117029713,0.3757692407923226,0,0,0,0,0,0,0,1,0,0
2006,2.825685,12,46105.88641929792,7.778571145330136,1.1264852657787885,0,0,0,0,0,0,0,1,0,0
2007,2.235352,12,49164.25295361833,7.179236948985658,1.4614850511283526,0,0,0,0,0,0,0,1,0,0
2008,2.944448,12,49221.46412773625,8.059686952061005,1.8424463750115085,0,0,0,0,0,0,0,1,0,0
2009,7.218621,12,45727.57762142034,6.4973804539533955,1.4093499113914267,0,0,0,0,0,0,0,1,0,0
2010,7.548411,12,44219.883726779946,5.348879323652958,0.3229336818253999,0,0,0,0,0,0,0,0,1,0
2011,7.033196,12,44915.37062985289,5.677300584758459,0.2890977199681644,0,0,0,0,0,0,0,0,1,0
2012,5.983469,12,45254.80648409999,6.328978197182711,0.6550236573248567,0,0,0,0,0,0,0,0,1,0
2013,5.381035,12,46683.08330476305,5.9535940874783835,0.2622213780155133,0,0,0,0,0,0,0,0,1,0
2014,4.890404,12,47128.9487108214,5.835304713716868,0.5164005696509166,0,0,0,0,0,0,0,0,1,0
2015,3.966664,12,48853.90244787164,6.037775685718891,0.32724453118174957,0,0,0,0,0,0,0,0,0,1
2016,2.968629,12,51374.47046372621,4.635489256516738,0.3328964763726234,0,0,0,0,0,0,0,0,0,1
2017,2.743788,12,52464.32109586807,6.77766753684299,0.6478934947608306,0,0,0,0,0,0,0,0,0,1
2018,2.711352,12,53025.92211429965,6.845570636151346,0.6014525330416631,0,0,0,0,0,0,0,0,0,1
1998,7.573754,13,39544.915937589285,3.1812027914075216,2.113244510854863,0,0,0,0,0,1,0,0,0,0
1999,5.616338,13,43248.135379954336,2.860671137926873,2.3798269162725605,0,0,0,0,0,1,0,0,0,0
2000,4.332074,13,46735.09324096671,2.9109117764521497,2.5737979969966656,0,0,0,0,0,0,1,0,0,0
2001,3.914628,13,48464.53151098539,2.550077742607043,3.022094791512608,0,0,0,0,0,0,1,0,0,0
2002,4.443757,13,50416.15218818121,2.6171809167099833,2.4855923695364273,0,0,0,0,0,0,1,0,0,0
2003,4.737063,13,51121.22206523708,3.1535339624498393,2.689673807344937,0,0,0,0,0,0,1,0,0,0
2004,4.538512,13,53676.24483707557,3.53786504011736,2.9308780738020817,0,0,0,0,0,0,1,0,0,0
2005,4.338238,13,55519.00644896911,3.971494081529907,2.9512063054564224,0,0,0,0,0,0,0,1,0,0
2006,4.411824,13,56968.75338565801,4.372036383353338,3.217578094171938,0,0,0,0,0,0,0,1,0,0
2007,4.979443,13,58042.28671876179,4.563362238396582,3.57305518441651,0,0,0,0,0,0,0,1,0,0
2008,6.773265,13,54091.558169660675,4.373576229183434,4.343612609162931,0,0,0,0,0,0,0,1,0,0
2009,12.60812,13,50796.815631552076,3.04474015232539,3.89549358063241,0,0,0,0,0,0,0,1,0,0
2010,14.53227,13,51473.608637814956,3.0619353309596815,3.993644007933303,0,0,0,0,0,0,0,0,1,0
2011,15.35064,13,51423.177725880945,3.4628041950924353,4.1348058843790785,0,0,0,0,0,0,0,0,1,0
2012,15.44939,13,51328.219754154445,3.3418311472123676,3.9041197663091767,0,0,0,0,0,0,0,0,1,0
2013,13.73561,13,51785.568954133,3.314995991160261,3.8765399524740216,0,0,0,0,0,0,0,0,1,0
2014,11.85948,13,55844.32477870773,3.4186270020149347,4.089421458776224,0,0,0,0,0,0,0,0,1,0
2015,9.909575,13,69264.76725585015,2.787680146345498,3.116017920755529,0,0,0,0,0,0,0,0,0,1
2016,8.37511,13,71027.19596201957,2.5821624062557342,3.1444700913155623,0,0,0,0,0,0,0,0,0,1
2017,6.71373,13,75964.81724531506,2.5553305394928083,3.3090552708958554,0,0,0,0,0,0,0,0,0,1
2018,5.738596,13,81079.40988446608,2.766251963572429,3.413411826967386,0,0,0,0,0,0,0,0,0,1
1995,6.869637,14,25687.075781348627,1.061701147611802,2.083747651379261,0,0,0,0,0,1,0,0,0,0
1996,6.677445,14,26309.931135775976,1.0332436847503432,2.2575231603761146,0,0,0,0,0,1,0,0,0,0
1997,7.673759,14,26702.303899535073,1.1435236101603152,2.4310749210084786,0,0,0,0,0,1,0,0,0,0
1998,8.535764,14,27169.33918970975,1.358067044684852,2.023144189454574,0,0,0,0,0,1,0,0,0,0
1999,8.884659,14,27442.850864447457,1.6869343442267253,2.2533147047697373,0,0,0,0,0,1,0,0,0,0
2000,8.770606,14,29091.72998155568,1.7539636857884804,2.3868831928276366,0,0,0,0,0,0,1,0,0,0
2001,9.348134,14,28459.835735362634,2.035481763333771,2.195628221232076,0,0,0,0,0,0,1,0,0,0
2002,10.29844,14,27843.222587519023,2.457222258893207,2.3730763980588674,0,0,0,0,0,0,1,0,0,0
2003,10.71266,14,27647.028147749526,2.6314828162923543,2.9584598046354764,0,0,0,0,0,0,1,0,0,0
2004,10.36771,14,28492.842855044793,3.2219143061421867,3.460431560969412,0,0,0,0,0,0,1,0,0,0
2005,8.989903,14,29154.847933544665,3.7344476400292708,3.5798235842633472,0,0,0,0,0,0,0,1,0,0
2006,8.403837,14,30299.268824179966,4.105554525157565,3.780950850429483,0,0,0,0,0,0,0,1,0,0
2007,7.318558,14,31570.574162113004,4.841815732993051,3.8759133201650195,0,0,0,0,0,0,0,1,0,0
2008,6.099141,14,32048.90767903601,4.933475689764627,6.3008327137088,0,0,0,0,0,0,0,1,0,0
2009,7.544086,14,31612.920467593292,3.633147081951556,4.635590995087651,0,0,0,0,0,0,0,1,0,0
2010,6.636595,14,32771.54055696544,4.741111231725868,6.51073604878349,0,0,0,0,0,0,0,0,1,0
2011,5.602376,14,33740.69959278027,5.341985735029709,7.495658291320631,0,0,0,0,0,0,0,0,1,0
2012,6.85,14,33908.55306063757,4.880503109502262,6.899672110618889,0,0,0,0,0,0,0,0,1,0
2013,6.208333,14,34702.855465679066,5.040715698798524,7.495484848606014,0,0,0,0,0,0,0,0,1,0
2014,5.908333,14,35329.1806338815,5.428096466086758,7.422749618444016,0,0,0,0,0,0,0,0,1,0
2015,5.241667,14,35436.60327519236,4.845563519126108,6.783757946592018,0,0,0,0,0,0,0,0,0,1
2016,4.808333,14,36132.530833983445,4.784113803233746,5.475580940483685,0,0,0,0,0,0,0,0,0,1
2017,4.216667,14,36705.61753870519,4.894609646899315,4.654696549340386,0,0,0,0,0,0,0,0,0,1
2018,4.0,14,37285.5899220811,6.4384171260425385,5.117402555322109,0,0,0,0,0,0,0,0,0,1
1998,11.84062,15,37456.71065102582,0.7555451642509907,1.8255988579854965,0,0,0,0,0,1,0,0,0,0
1999,11.42852,15,38059.252977652315,0.7658911611453958,1.5033426967376884,0,0,0,0,0,1,0,0,0,0
2000,10.58827,15,39482.647995750354,0.8995543682335769,1.5998112718517647,0,0,0,0,0,0,1,0,0,0
2001,9.524396,15,40230.500423727644,0.8876795644209095,1.6804804659629082,0,0,0,0,0,0,1,0,0,0
2002,9.007127,15,40272.63934446254,0.9512688288694273,1.7544656006475583,0,0,0,0,0,0,1,0,0,0
2003,8.672171,15,40149.60921567806,1.2284031434781284,2.0203756628011393,0,0,0,0,0,0,1,0,0,0
2004,7.998679,15,40458.48513262307,1.5939992937834606,2.465942552628468,0,0,0,0,0,0,1,0,0,0
2005,7.728764,15,40589.43294680467,1.7630746137552382,2.6128584067149827,0,0,0,0,0,0,0,1,0,0
2006,6.775816,15,41192.247768384615,2.2583557387306894,3.000096265837281,0,0,0,0,0,0,0,1,0,0
2007,6.075274,15,41594.25345794999,2.780522169249134,3.7884519380229174,0,0,0,0,0,0,0,1,0,0
2008,6.723351,15,40922.11292610793,3.024951865081851,4.393032849852314,0,0,0,0,0,0,0,1,0,0
2009,7.747658,15,38584.84302161961,2.3024390764698763,3.727048081135931,0,0,0,0,0,0,0,1,0,0
2010,8.359172,15,39125.38731193638,3.0548560436212018,3.9965794916434096,0,0,0,0,0,0,0,0,1,0
2011,8.353756,15,39334.42933940475,3.463139515455356,4.5813485839001835,0,0,0,0,0,0,0,0,1,0
2012,10.65126,15,38059.17645571927,2.8413190978313385,4.5795074315813995,0,0,0,0,0,0,0,0,1,0
2013,12.14521,15,36927.91146301162,2.9045200614818967,5.005643964118727,0,0,0,0,0,0,0,0,1,0
2014,12.6798,15,36588.977127231796,3.073204066618417,5.00915000405334,0,0,0,0,0,0,0,0,1,0
2015,11.89388,15,36909.30596008585,2.811320382021549,4.117845116089758,0,0,0,0,0,0,0,0,0,1
2016,11.68803,15,37450.286450896354,2.745826678746014,3.995938335969057,0,0,0,0,0,0,0,0,0,1
2017,11.21117,15,38132.001658233414,2.935093316511502,4.2564109864274675,0,0,0,0,0,0,0,0,0,1
2018,10.60792,15,38509.44248149389,3.2758510226389435,4.317826256548275,0,0,0,0,0,0,0,0,0,1
1970,1.15,16,15988.266140605647,0.04654302977468161,0.3195696775515949,1,0,0,0,0,0,0,0,0,0
1971,1.225,16,16513.178406220548,0.03734923697910083,0.38004296834799306,1,0,0,0,0,0,0,0,0,0
1972,1.416667,16,17653.772337004506,0.0469198132543598,0.4190200006053875,1,0,0,0,0,0,0,0,0,0
1973,1.266667,16,18808.049824937672,0.09328370753974059,0.557313028894648,1,0,0,0,0,0,0,0,0,0
1974,1.375,16,18330.796277572284,0.10759045409034125,0.9507150749804394,1,0,0,0,0,0,0,0,0,0
1975,1.891667,16,18666.791844244133,0.07689220486602256,1.09870661242514,0,1,0,0,0,0,0,0,0,0
1976,2.008333,16,19210.68716908059,0.09427502520381957,1.130775071555116,0,1,0,0,0,0,0,0,0,0
1977,2.025,16,19865.970548767134,0.09727389004248162,1.2901751066246956,0,1,0,0,0,0,0,0,0,0
1978,2.241667,16,20727.199264693118,0.12710903355627343,1.5198424337576952,0,1,0,0,0,0,0,0,0,0
1979,2.083333,16,21682.245328225217,0.17896052735982051,1.4773406552231232,0,1,0,0,0,0,0,0,0,0
1980,2.008333,16,22120.737355954272,0.19757519037780635,1.9409047129610226,0,0,1,0,0,0,0,0,0,0
1981,2.208333,16,22887.325527980865,0.19884227085219025,2.1902271812195058,0,0,1,0,0,0,0,0,0,0
1982,2.35,16,23480.95497860656,0.18593819254314944,1.9104402705460737,0,0,1,0,0,0,0,0,0,0
1983,2.658333,16,24143.889040958373,0.18274933852708997,1.7895609365728031,0,0,1,0,0,0,0,0,0,0
1984,2.708333,16,25069.567919039106,0.22398671428421138,1.765440752446816,0,0,1,0,0,0,0,0,0,0
1985,2.616667,16,26219.422399156745,0.19982743835385325,1.6891627953107937,0,0,0,1,0,0,0,0,0,0
1986,2.758333,16,26955.541719546276,0.2234235890725835,1.565344968521809,0,0,0,1,0,0,0,0,0,0
1987,2.85,16,28097.000073626255,0.3107866593048932,1.576188406475443,0,0,0,1,0,0,0,0,0,0
1988,2.533333,16,29879.7021899059,0.44786318620426896,1.749808870371792,0,0,0,1,0,0,0,0,0,0
1989,2.266667,16,31214.29049470395,0.533846882367867,1.7320734790347267,0,0,0,1,0,0,0,0,0,0
1990,2.108333,16,32633.93265270281,0.5455773989349506,1.862565362925048,0,0,0,0,1,0,0,0,0,0
1991,2.1,16,33615.98643927124,0.6189304489784995,2.153561355637284,0,0,0,0,1,0,0,0,0,0
1992,2.15,16,33774.2508794464,0.6863611715656734,2.5503306751920256,0,0,0,0,1,0,0,0,0,0
1993,2.5,16,33499.55504090028,0.8401249836348985,2.945064856414517,0,0,0,0,1,0,0,0,0,0
1994,2.891667,16,33743.90997964316,1.074922913319623,3.2270717670411826,0,0,0,0,1,0,0,0,0,0
1995,3.15,16,34584.93869399603,1.463297260221183,3.6476628286017427,0,0,0,0,0,1,0,0,0,0
1996,3.35,16,35573.85150638785,1.5557775600531998,3.3112336220538374,0,0,0,0,0,1,0,0,0,0
1997,3.4,16,35870.573838435084,1.5482804888657018,3.306674868530139,0,0,0,0,0,1,0,0,0,0
1998,4.108333,16,35376.08095283272,1.3283157454090244,2.7566218064789774,0,0,0,0,0,1,0,0,0,0
1999,4.683333,16,35231.24167232369,1.5713673555946086,2.848702530923171,0,0,0,0,0,1,0,0,0,0
2000,4.716667,16,36142.11627178241,2.0069737573453676,3.3765824560704827,0,0,0,0,0,0,1,0,0,0
2001,5.033333,16,36184.873252625875,1.9592752483400366,2.8980140046245206,0,0,0,0,0,0,1,0,0,0
2002,5.375,16,36186.63207674501,1.989609716192095,3.143023244133179,0,0,0,0,0,0,1,0,0,0
2003,5.258333,16,36686.67257069872,2.3342982019005896,3.7321669266010926,0,0,0,0,0,0,1,0,0,0
2004,4.716667,16,37475.53088254874,2.811430667680232,4.479569404410936,0,0,0,0,0,0,1,0,0,0
2005,4.425,16,38074.474167607266,3.0802554160272275,4.708525950116472,0,0,0,0,0,0,0,1,0,0
2006,4.141667,16,38575.12406732686,3.3414176173049754,5.125192570349712,0,0,0,0,0,0,0,1,0,0
2007,3.841667,16,39172.72942203542,3.5612858306249384,5.855735454997826,0,0,0,0,0,0,0,1,0,0
2008,3.991667,16,38728.8669939624,4.021509222230708,6.844669120638105,0,0,0,0,0,0,0,1,0,0
2009,5.066667,16,36646.15703365033,3.4953886593447443,5.593252928165074,0,0,0,0,0,0,0,1,0,0
2010,5.05,16,38174.56438815008,4.288130986326403,7.44728953455376,0,0,0,0,0,0,0,0,1,0
2011,4.583333,16,38197.054917988986,5.105103884165308,8.010709893004377,0,0,0,0,0,0,0,0,1,0
2012,4.35,16,38841.53628370636,5.116764167912739,7.724524717961688,0,0,0,0,0,0,0,0,1,0
2013,4.025,16,39674.05803204122,4.8686214617965415,6.5661024071855945,0,0,0,0,0,0,0,0,1,0
2014,3.591667,16,39878.039971816404,4.920821072119864,6.308304447080556,0,0,0,0,0,0,0,0,1,0
2015,3.375,16,40410.945218073335,4.386539701065703,5.460710968284199,0,0,0,0,0,0,0,0,0,1
2016,3.116667,16,40673.70358066395,4.331241797821733,5.447125748124412,0,0,0,0,0,0,0,0,0,1
2017,2.808333,16,41629.932895159596,4.572944008737631,5.832499878421215,0,0,0,0,0,0,0,0,0,1
2018,2.441667,16,41851.36332936264,4.902180555108241,6.307013199623218,0,0,0,0,0,0,0,0,0,1
1989,2.583333,17,11554.759584893302,0.9398740056352323,2.8096153198812455,0,0,0,1,0,0,0,0,0,0
1990,2.458333,17,12564.039734464417,0.9787683128675104,2.884811384460642,0,0,0,0,1,0,0,0,0,0
1991,2.45,17,13728.358238498673,1.1388771599748284,3.6278333529574867,0,0,0,0,1,0,0,0,0,0
1992,2.525,17,14425.468313243939,1.2671167849743417,4.441212896789733,0,0,0,0,1,0,0,0,0,0
1993,2.9,17,15257.365725535692,1.2483532443124432,4.891058728382345,0,0,0,0,1,0,0,0,0,0
1994,2.475,17,16495.17525157062,1.5280982765118956,5.385489303277397,0,0,0,0,1,0,0,0,0,0
1995,2.066667,17,17892.915683947424,2.01413516063902,6.276533727104653,0,0,0,0,0,1,0,0,0,0
1996,2.058333,17,19069.238712512888,2.0321162871319993,6.462233238570696,0,0,0,0,0,1,0,0,0,0
1997,2.616667,17,20010.035028826915,1.9749035471407255,6.342142308405699,0,0,0,0,0,1,0,0,0,0
1998,6.95,17,18779.191264459965,1.3219399307473163,6.1345121361460455,0,0,0,0,0,1,0,0,0,0
1999,6.583333,17,20754.809320707263,1.8353261882963294,5.714276684854845,0,0,0,0,0,1,0,0,0,0
2000,4.425,17,22418.80918592964,2.428431953869137,6.20139512892568,0,0,0,0,0,0,1,0,0,0
2001,4.0,17,23326.996581645777,2.2181381037907784,5.558986871610559,0,0,0,0,0,0,1,0,0,0
2002,3.258333,17,24984.22412499043,2.4750839972755805,5.829004619504486,0,0,0,0,0,0,1,0,0,0
2003,3.55,17,25637.321692220863,2.900094911655822,7.259375923018871,0,0,0,0,0,0,1,0,0,0
2004,3.658333,17,26863.115405829714,3.6046992961328033,9.046356657389854,0,0,0,0,0,0,1,0,0,0
2005,3.75,17,27961.18423907608,4.218834441611442,10.167189011775086,0,0,0,0,0,0,0,1,0,0
2006,3.475,17,29278.974624043312,4.957087491539203,11.313630343740632,0,0,0,0,0,0,0,1,0,0
2007,3.258333,17,30820.911167320734,5.812720035585878,12.742048650211737,0,0,0,0,0,0,0,1,0,0
2008,3.175,17,31509.37396671488,6.806924749173068,14.185161786424176,0,0,0,0,0,0,0,1,0,0
2009,3.633333,17,31596.10949862228,5.085690391323504,12.796209549575073,0,0,0,0,0,0,0,1,0,0
2010,3.708333,17,33578.45569304117,6.193112610881933,15.726895388355768,0,0,0,0,0,0,0,0,1,0
2011,3.408333,17,34549.347188731444,7.081060046349439,17.85077437970361,0,0,0,0,0,0,0,0,1,0
2012,3.225,17,35193.899635522845,6.5197396718052385,17.566266765411477,0,0,0,0,0,0,0,0,1,0
2013,3.1,17,36142.78029858795,6.567524791820147,17.850394602500767,0,0,0,0,0,0,0,0,1,0
2014,3.491667,17,37066.66910032441,6.945962441884423,17.473334711319907,0,0,0,0,0,0,0,0,1,0
2015,3.591667,17,37907.500319465194,6.704000385723577,15.896172679370586,0,0,0,0,0,0,0,0,0,1
2016,3.675,17,38848.86134559525,6.390165206231131,14.571034061812062,0,0,0,0,0,0,0,0,0,1
2017,3.683333,17,39920.15998810097,7.169032849171181,16.307416494652557,0,0,0,0,0,0,0,0,0,1
2018,3.833333,17,40833.94745830252,7.5897859248601245,17.007723024953883,0,0,0,0,0,0,0,0,0,1
2002,12.4844,18,14063.501568711648,0.6940673554669942,0.474853963462119,0,0,0,0,0,0,1,0,0,0
2003,11.6386,18,15398.062855257203,0.9194434610753552,0.46920533512689183,0,0,0,0,0,0,1,0,0,0
2004,11.74615,18,16865.519240447822,1.2191406243398968,0.8318382151658146,0,0,0,0,0,0,1,0,0,0
2005,10.03827,18,18880.371529556694,1.254597306163416,1.0382344142075177,0,0,0,0,0,0,0,1,0,0
2006,7.043975,18,21319.60884458771,1.4916793530941552,1.0948408630644866,0,0,0,0,0,0,0,1,0,0
2007,6.063879,18,23646.028836649133,1.9213323462059442,1.3837591420548487,0,0,0,0,0,0,0,1,0,0
2008,7.739463,18,23096.18067866794,2.281923830197735,1.8846806004513794,0,0,0,0,0,0,0,1,0,0
2009,17.55346,18,20137.48578211002,1.2991677743220569,1.757789044553107,0,0,0,0,0,0,0,1,0,0
2010,19.48375,18,19641.22546605497,1.983297716917024,2.2676641976923464,0,0,0,0,0,0,0,0,1,0
2011,16.21216,18,21259.251593670953,2.5339428742690524,2.5233967445672785,0,0,0,0,0,0,0,0,1,0
2012,15.0552,18,22414.41584526359,2.6775770397400542,2.931247332281375,0,0,0,0,0,0,0,0,1,0
2013,11.8683,18,23183.257570751353,2.7339444032337807,2.7680345930454466,0,0,0,0,0,0,0,0,1,0
2014,10.84309,18,23850.78335928899,2.812549471688884,2.3712453466012597,0,0,0,0,0,0,0,0,1,0
2015,9.875636,18,24830.975063248316,2.5989615721234163,2.271980683590056,0,0,0,0,0,0,0,0,0,1
2016,9.641258,18,25503.414126310578,2.4440716205620667,2.09166892336924,0,0,0,0,0,0,0,0,0,1
2017,8.716354,18,26704.912557465657,2.7391655519986595,2.3707055197067457,0,0,0,0,0,0,0,0,0,1
2018,7.415344,18,28067.04623878537,3.1414063470677314,2.374192044977951,0,0,0,0,0,0,0,0,0,1
2005,8.32191,19,19772.002708783228,1.660201400870373,2.2667937135370915,0,0,0,0,0,0,0,1,0,0
2006,5.778923,19,21578.158985144208,1.7001453594098337,2.550500609658766,0,0,0,0,0,0,0,1,0,0
2007,4.254303,19,24256.907984626607,2.069408258151048,3.211194838450827,0,0,0,0,0,0,0,1,0,0
2008,5.812195,19,25151.754030505588,2.3538906381909053,4.5927453857351885,0,0,0,0,0,0,0,1,0,0
2009,13.78231,19,21665.012104355766,1.6446556138644772,2.9885493313836426,0,0,0,0,0,0,0,1,0,0
2010,17.81879,19,22451.934657759102,1.9098208602156748,4.126626482292308,0,0,0,0,0,0,0,0,1,0
2011,15.38251,19,24348.5933346741,2.0731895203536026,5.692844757421834,0,0,0,0,0,0,0,0,1,0
2012,13.36761,19,25623.348560951585,2.0636575385404625,6.362241611121705,0,0,0,0,0,0,0,0,1,0
2013,11.77156,19,26805.037040743635,2.114771379316441,7.22398093291581,0,0,0,0,0,0,0,0,1,0
2014,10.69969,19,27984.95020744341,2.200478358366494,7.863892546568672,0,0,0,0,0,0,0,0,1,0
2015,9.119895,19,28823.82543612397,1.9489930827658095,4.5422185878556105,0,0,0,0,0,0,0,0,0,1
2016,7.860914,19,29938.51394272573,1.8088329341849876,4.355338049349837,0,0,0,0,0,0,0,0,0,1
2017,7.07182,19,31649.748691662207,2.0324833576451615,5.64378839114566,0,0,0,0,0,0,0,0,0,1
2018,6.152077,19,33117.77418213762,2.3212741999766844,5.7109427579405,0,0,0,0,0,0,0,0,0,1
2003,3.656025,20,94151.58095415232,0.4806669454304738,1.3436014173404225,0,0,0,0,0,0,1,0,0,0
2004,5.138539,20,96174.28257709049,0.6569668306438533,1.4792550165385392,0,0,0,0,0,0,1,0,0,0
2005,4.489393,20,97720.61046711613,0.8631274168249102,1.8339223298545342,0,0,0,0,0,0,0,1,0,0
2006,4.731707,20,101152.4920605703,1.2197552020479905,2.159973540444372,0,0,0,0,0,0,0,1,0,0
2007,4.066088,20,107924.77332955551,1.106730087695762,2.297039842138339,0,0,0,0,0,0,0,1,0,0
2008,5.050495,20,104656.66176196723,1.6138774745183746,2.304806213780645,0,0,0,0,0,0,0,1,0,0
2009,5.111732,20,98258.00599859779,1.3965064459208854,2.141700556508928,0,0,0,0,0,0,0,1,0,0
2010,4.351644,20,101174.42405903505,1.4583194238856403,2.5170221185885753,0,0,0,0,0,0,0,0,1,0
2011,4.896927,20,101462.26900305005,1.5873920370563812,2.5986186134041245,0,0,0,0,0,0,0,0,1,0
2012,5.138287,20,98705.0953758532,1.570975949820839,2.69161589747369,0,0,0,0,0,0,0,0,1,0
2013,5.836521,20,99976.14482532695,1.7498355042683236,2.349820452403793,0,0,0,0,0,0,0,0,1,0
2014,5.854882,20,101842.05262419966,1.79764061845138,2.3745505425365603,0,0,0,0,0,0,0,0,1,0
2015,6.658826,20,103750.61454867847,1.4792122895011994,2.1040595741343235,0,0,0,0,0,0,0,0,0,1
2016,6.285928,20,105920.57762413469,1.5208431035438925,1.8266983522444642,0,0,0,0,0,0,0,0,0,1
2017,5.516146,20,105499.82694349,1.574666400071846,1.882928042177334,0,0,0,0,0,0,0,0,0,1
2018,5.582682,20,106703.81560983634,1.7706830226859356,2.0837566691456075,0,0,0,0,0,0,0,0,0,1
2000,2.947122,21,45030.225408864586,2.6559017048445313,1.414792584957619,0,0,0,0,0,0,1,0,0,0
2001,2.251434,21,45731.52365466127,2.705443481602374,1.4912035877436554,0,0,0,0,0,0,1,0,0,0
2002,2.755692,21,45539.31130135567,2.5996236014179313,1.680892501775898,0,0,0,0,0,0,1,0,0,0
2003,3.682191,21,45395.47757598117,3.9966906334932153,2.2617457778838284,0,0,0,0,0,0,1,0,0,0
2004,4.557948,21,46135.971687856916,5.5158597270826935,2.926055417534396,0,0,0,0,0,0,1,0,0,0
2005,5.873712,21,46972.26365943702,6.372080338170688,3.4371218304079556,0,0,0,0,0,0,0,1,0,0
2006,5.004153,21,48519.99996818812,7.212229030652617,3.853562574835546,0,0,0,0,0,0,0,1,0,0
2007,4.154393,21,50241.163424104554,8.095847746018743,4.6598771079762775,0,0,0,0,0,0,0,1,0,0
2008,3.655021,21,51132.12773758801,8.239728155184503,4.7883650289572115,0,0,0,0,0,0,0,1,0,0
2009,4.347569,21,49004.49420815132,7.000983377033912,4.326714466547078,0,0,0,0,0,0,0,1,0,0
2010,4.989325,21,49408.42753615774,8.78471785615832,4.90479663236722,0,0,0,0,0,0,0,0,1,0
2011,4.976648,21,49941.348747390686,9.383420193421232,5.524175799547537,0,0,0,0,0,0,0,0,1,0
2012,5.820699,21,49244.204860374804,9.166906521761208,5.7354868229801355,0,0,0,0,0,0,0,0,1,0
2013,7.242696,21,49035.3302254227,9.369179780274626,5.9444856479712165,0,0,0,0,0,0,0,0,1,0
2014,7.416319,21,49554.6581300169,9.865912670389724,6.233077147403854,0,0,0,0,0,0,0,0,1,0
2015,6.87228,21,50302.06833265201,7.867588248243923,4.98039008112148,0,0,0,0,0,0,0,0,0,1
2016,6.00791,21,51131.7142009243,8.020300609207798,4.983449357941827,0,0,0,0,0,0,0,0,0,1
2017,4.840418,21,52309.93757331246,8.956119965218889,5.788822876175228,0,0,0,0,0,0,0,0,0,1
2018,3.832352,21,53356.19097261999,9.870478673571215,5.966911062636833,0,0,0,0,0,0,0,0,0,1
1970,0.09267841,22,20356.854795934963,0.048049834641438534,0.04481573323625662,1,0,0,0,0,0,0,0,0,0
1971,0.1829826,22,20780.009564202755,0.09404215565238164,0.0458148030372473,1,0,0,0,0,0,0,0,0,0
1972,0.4508566,22,21442.328298286015,0.06090670644910808,0.06714526172245713,1,0,0,0,0,0,0,0,0,0
1973,0.1746725,22,22626.688589345773,0.10381225400840423,0.07410988609177936,1,0,0,0,0,0,0,0,0,0
1974,0.0838223,22,23464.48055950184,0.23898429343187233,0.09033845280066163,1,0,0,0,0,0,0,0,0,0
1975,0.2465078,22,22619.361465665308,0.1265270913504847,0.12045009991122822,0,1,0,0,0,0,0,0,0,0
1976,0.322841,22,22570.502341023643,0.21426148681215312,0.18591536221421123,0,1,0,0,0,0,0,0,0,0
1977,0.317965,22,21604.669792690285,0.15700964364558928,0.2282127233406557,0,1,0,0,0,0,0,0,0,0
1978,1.657459,22,21667.39702530716,0.18460693692073907,0.3689439000617605,0,1,0,0,0,0,0,0,0,0
1979,1.942502,22,22149.895690477846,0.24329747195898951,0.35618965086524207,0,1,0,0,0,0,0,0,0,0
1980,2.242846,22,22394.557423795322,0.2534422611209586,0.5067605184808557,0,0,1,0,0,0,0,0,0,0
1981,3.601532,22,23325.004520540206,0.24654741016090595,0.4412396353550584,0,0,1,0,0,0,0,0,0,0
1982,3.536494,22,23357.286526539057,0.27850991942133013,0.4642150242270254,0,0,1,0,0,0,0,0,0,0
1983,5.663189,22,23911.37033739298,0.22760872540066374,0.3309159406579304,0,0,1,0,0,0,0,0,0,0
1984,5.743741,22,24804.642359363803,0.2967363520198626,0.31211251594563894,0,0,1,0,0,0,0,0,0,0
1985,4.181687,22,25058.418489713622,0.26851217341439393,0.3010903170270955,0,0,0,1,0,0,0,0,0,0
1986,4.175,22,24135.2799163319,0.2985542038211313,0.32606541442247694,0,0,0,1,0,0,0,0,0,0
1987,4.225,22,24392.299292171818,0.4348744516784382,0.3126532036114076,0,0,0,1,0,0,0,0,0,0
1988,5.8,22,24763.367158340512,0.531634450694245,0.3514768010838256,0,0,0,1,0,0,0,0,0,0
1989,7.275,22,24789.37342425321,0.630025925293493,0.42835040771597105,0,0,0,1,0,0,0,0,0,0
1990,7.975,22,24709.83703948426,0.6419037399880009,0.5167315771646284,0,0,0,0,1,0,0,0,0,0
1991,10.6,22,23580.175273954967,0.715985819952692,0.6558156148688659,0,0,0,0,1,0,0,0,0,0
1992,10.65,22,23630.616020613303,0.973908301790318,0.7419928000931688,0,0,0,0,1,0,0,0,0,0
1993,9.8,22,24888.764458876885,0.950177047992962,0.7635385782417603,0,0,0,0,1,0,0,0,0,0
1994,8.35,22,25846.98983453496,1.1823951856441497,0.6896618190154187,0,0,0,0,1,0,0,0,0,0
1995,6.45,22,26634.583737137258,1.414352141297513,0.8428171816150466,0,0,0,0,0,1,0,0,0,0
1996,6.3,22,27095.152384780275,1.4418176996846888,0.837742891418504,0,0,0,0,0,1,0,0,0,0
1997,6.825,22,27543.086610424987,1.5785180457228944,0.8366324817729267,0,0,0,0,0,1,0,0,0,0
1998,7.725,22,27591.569488859765,1.398462210581815,0.6213106790755855,0,0,0,0,0,1,0,0,0,0
1999,7.025,22,28874.139031576753,1.7438326495583512,0.6122159513010399,0,0,0,0,0,1,0,0,0,0
2000,6.15,22,29357.917489695934,1.8291658382304237,0.7374735828735566,0,0,0,0,0,0,1,0,0,0
2001,5.45,22,30303.18618734699,1.7851428275683228,0.6993192680553463,0,0,0,0,0,0,1,0,0,0
2002,5.3,22,31287.64118019501,2.0013595387568612,0.7320392783795665,0,0,0,0,0,0,1,0,0,0
2003,4.775,22,32073.70115713151,2.4775386735865634,0.7603807160676963,0,0,0,0,0,0,1,0,0,0
2004,4.025,22,32631.6639266055,3.200091594418666,0.9619565945644916,0,0,0,0,0,0,1,0,0,0
2005,3.825,22,33344.33846972593,3.820836719646083,0.877319568252154,0,0,0,0,0,0,0,1,0,0
2006,3.85,22,33787.27988338193,3.979938178062482,0.9950455401917531,0,0,0,0,0,0,0,1,0,0
2007,3.575,22,34766.32051706994,4.887008319327242,0.9982391210716156,0,0,0,0,0,0,0,1,0,0
2008,4.025,22,33903.44105357059,5.551359694199019,1.260390065332913,0,0,0,0,0,0,0,1,0,0
2009,5.825,22,34216.77141728257,4.14679484417071,1.0378270514896444,0,0,0,0,0,0,0,1,0,0
2010,6.15,22,34177.942537982395,5.279763037875299,1.1792366524943914,0,0,0,0,0,0,0,0,1,0
2011,5.95,22,34838.408873175176,7.682126145296424,1.6508811581143519,0,0,0,0,0,0,0,0,1,0
2012,6.4,22,35505.741044894625,6.297040195044781,1.3841611674214336,0,0,0,0,0,0,0,0,1,0
2013,5.75,22,35955.05528916504,6.789589276659293,1.432952590669574,0,0,0,0,0,0,0,0,1,0
2014,5.375,22,36661.03496906668,6.929665780850654,1.3068639613551614,0,0,0,0,0,0,0,0,1,0
2015,5.35,22,37530.03866657963,6.452393488794501,1.285664279319674,0,0,0,0,0,0,0,0,0,1
2016,5.1,22,38135.69967186568,6.222052406944955,1.1507553436357343,0,0,0,0,0,0,0,0,0,1
2017,4.7,22,38831.70401969169,6.634826694456309,1.0507758221249819,0,0,0,0,0,0,0,0,0,1
2018,4.3,22,39180.53490942585,7.028372158650753,1.0399179285394458,0,0,0,0,0,0,0,0,0,1
2000,3.331001,23,54767.02792468358,1.189901766247513,0.5498379960907002,0,0,0,0,0,0,1,0,0,0
2001,3.509895,23,55621.27006675385,1.1197694155604487,0.6226010764569945,0,0,0,0,0,0,1,0,0,0
2002,3.760192,23,56122.190461898965,1.4419930979859907,0.6499194971556774,0,0,0,0,0,0,1,0,0,0
2003,4.043806,23,56301.72594710546,1.528479005863413,0.898117043221143,0,0,0,0,0,0,1,0,0,0
2004,4.184015,23,58191.70959180593,2.003204278595755,0.976732391310112,0,0,0,0,0,0,1,0,0,0
2005,4.380952,23,59314.11820535708,2.394708651612222,1.1635389837666974,0,0,0,0,0,0,0,1,0,0
2006,3.399901,23,60250.3996740385,2.7782005026925733,1.3669804159833945,0,0,0,0,0,0,0,1,0,0
2007,2.495641,23,61415.568331140435,3.4693792518315796,1.7649917319211272,0,0,0,0,0,0,0,1,0,0
2008,2.549649,23,60943.82424030796,3.900854051441687,2.288132875460401,0,0,0,0,0,0,0,1,0,0
2009,3.1025,23,59140.90874261398,3.235506594714674,2.1771012615884047,0,0,0,0,0,0,0,1,0,0
2010,3.521047,23,58818.57858449951,3.9723520812070894,2.1233797828843444,0,0,0,0,0,0,0,0,1,0
2011,3.214387,23,58630.364021320835,4.672594818186818,2.1168847082093256,0,0,0,0,0,0,0,0,1,0
2012,3.123188,23,59429.46655763171,4.442548619264336,2.1494826097344366,0,0,0,0,0,0,0,0,1,0
2013,3.422888,23,59315.97780862101,4.4329084924369715,2.0640708713518463,0,0,0,0,0,0,0,0,1,0
2014,3.484511,23,59810.142859450854,4.639701280243854,2.2743398792276412,0,0,0,0,0,0,0,0,1,0
2015,4.295396,23,60370.096502859975,4.03660641292255,1.993684472323343,0,0,0,0,0,0,0,0,0,1
2016,4.677024,23,60477.9987861315,3.9883527246918278,1.6979703749571518,0,0,0,0,0,0,0,0,0,1
2017,4.162159,23,61404.44422125218,4.435776811998273,1.333638116141685,0,0,0,0,0,0,0,0,0,1
2018,3.799347,23,61787.04906101678,4.512408095272877,1.3166738473095356,0,0,0,0,0,0,0,0,0,1
2000,16.10612,24,15634.297480417283,0.4929729127015311,0.29069618036006034,0,0,0,0,0,0,1,0,0,0
2001,18.24322,24,15833.681092873796,0.6293346555495983,0.3450437510173188,0,0,0,0,0,0,1,0,0,0
2002,19.93272,24,16163.627368386748,0.7496511170937116,0.3711065429277656,0,0,0,0,0,0,1,0,0,0
2003,19.61964,24,16755.704148196513,0.9545433238419484,0.4274231560482252,0,0,0,0,0,0,1,0,0,0
2004,18.97837,24,17623.10550672417,1.267137010502973,0.7906362087317805,0,0,0,0,0,0,1,0,0,0
2005,17.75269,24,18247.769939152775,1.4663478372440475,1.0144489066989257,0,0,0,0,0,0,0,1,0,0
2006,13.84889,24,19390.113283819897,1.8686763670139488,1.1842662532541381,0,0,0,0,0,0,0,1,0,0
2007,9.607605,24,20763.13143255686,2.5064936417515704,1.4528414507970526,0,0,0,0,0,0,0,1,0,0
2008,7.120995,24,21645.552824150145,3.246249519273414,1.9518020541138623,0,0,0,0,0,0,0,1,0,0
2009,8.166371,24,22234.120803790196,2.513491880933598,1.2983372287036798,0,0,0,0,0,0,0,1,0,0
2010,9.640347,24,22818.921366787265,2.975352075397137,1.5702008098770623,0,0,0,0,0,0,0,0,1,0
2011,9.632815,24,23958.229728386297,3.1993506982548325,1.8690757581063735,0,0,0,0,0,0,0,0,1,0
2012,10.08882,24,24338.326321867804,3.027514299647422,1.9952119672591981,0,0,0,0,0,0,0,0,1,0
2013,10.32862,24,24697.209906105585,3.374633007342415,2.239176920211637,0,0,0,0,0,0,0,0,1,0
2014,8.990872,24,25528.999307425693,3.7719418731198022,2.1564498063835496,0,0,0,0,0,0,0,0,1,0
2015,7.50308,24,26529.32930530816,3.605245626356858,1.684304001304248,0,0,0,0,0,0,0,0,0,1
2016,6.161703,24,27361.920390006882,3.6208438831101337,1.5575692286319918,0,0,0,0,0,0,0,0,0,1
2017,4.887239,24,28716.310115472912,3.9350678921802453,1.6434384586778974,0,0,0,0,0,0,0,0,0,1
2018,3.846072,24,30259.602056994092,4.539155919140047,1.6946704277037858,0,0,0,0,0,0,0,0,0,1
1998,5.072283,25,27196.42812992978,0.526985575336226,0.46432042800904294,0,0,0,0,0,1,0,0,0,0
1999,4.515511,25,28099.487797210913,0.486014137730297,0.36245511466802477,0,0,0,0,0,1,0,0,0,0
2000,4.029012,25,28967.496111234526,0.5231932314708118,0.44335462647048457,0,0,0,0,0,0,1,0,0,0
2001,4.008832,25,29323.00363746128,0.5058893188297832,0.48219421308076804,0,0,0,0,0,0,1,0,0,0
2002,4.993313,25,29387.673354267536,0.5194629395265576,0.5210321120572505,0,0,0,0,0,0,1,0,0,0
2003,6.264945,25,29005.121820136323,0.6406610120110703,0.7063196334251968,0,0,0,0,0,0,1,0,0,0
2004,6.622547,25,29453.4306683387,0.8652544129321523,0.8609129151983315,0,0,0,0,0,0,1,0,0,0
2005,7.580669,25,29628.6899583275,0.8794765424932335,0.9862909657459503,0,0,0,0,0,0,0,1,0,0
2006,7.647437,25,30055.916726476218,1.0506571772235227,1.280452171691438,0,0,0,0,0,0,0,1,0,0
2007,7.963667,25,30748.87164558278,1.3129831276551713,1.7161032927772726,0,0,0,0,0,0,0,1,0,0
2008,7.551991,25,30802.590295654256,1.4583372095394895,2.2770947800411605,0,0,0,0,0,0,0,1,0,0
2009,9.432886,25,29812.47471789787,1.1166306102862615,1.7330954812770236,0,0,0,0,0,0,0,1,0,0
2010,10.76982,25,30316.582421427964,1.3829105430281528,1.7502022812999698,0,0,0,0,0,0,0,0,1,0
2011,12.68106,25,29846.229962226116,1.536436685945932,2.242504086046513,0,0,0,0,0,0,0,0,1,0
2012,15.53028,25,28751.609866965216,1.3544642711763515,2.810363833523129,0,0,0,0,0,0,0,0,1,0
2013,16.1838,25,28643.102064157127,1.4926654180367382,3.0658166857948967,0,0,0,0,0,0,0,0,1,0
2014,13.89509,25,29026.094758400635,1.6453855098494887,3.112790967858933,0,0,0,0,0,0,0,0,1,0
2015,12.44469,25,29668.87289685845,1.4939586550801927,2.2395777298443456,0,0,0,0,0,0,0,0,0,1
2016,11.06846,25,30363.665697153017,1.6766460626975161,1.828969577979965,0,0,0,0,0,0,0,0,0,1
2017,8.870407,25,31505.063930176788,1.8644056929118806,2.03597514677518,0,0,0,0,0,0,0,0,0,1
2018,6.994051,25,32387.742407443457,2.1969341848232578,2.119890280204255,0,0,0,0,0,0,0,0,0,1
1999,7.417529,26,23764.387121598626,0.781331612122604,0.8608168694000806,0,0,0,0,0,1,0,0,0,0
2000,6.731878,26,24578.73727812078,0.8807381257813961,0.9866692478645539,0,0,0,0,0,0,1,0,0,0
2001,6.175611,26,25346.87482900652,1.066003248468053,1.1295668780429087,0,0,0,0,0,0,1,0,0,0
2002,6.310935,26,26187.018506622677,1.1117223183766045,1.2485891377069265,0,0,0,0,0,0,1,0,0,0
2003,6.675458,26,26947.976860664683,1.5810649017800047,1.5525901482868498,0,0,0,0,0,0,1,0,0,0
2004,6.294299,26,28119.438168376226,2.0232731439662843,2.125834531134525,0,0,0,0,0,0,1,0,0,0
2005,6.503201,26,29127.459355139188,2.31143220096783,2.2094378540521715,0,0,0,0,0,0,0,1,0,0
2006,5.952952,26,30687.726809246225,2.66812088850772,2.512405854462542,0,0,0,0,0,0,0,1,0,0
2007,4.824745,26,32652.739617491483,3.5329948950819086,2.8774362145402796,0,0,0,0,0,0,0,1,0,0
2008,4.375046,26,33744.941558733706,4.112142615273515,3.3890245879180405,0,0,0,0,0,0,0,1,0,0
2009,5.847313,26,30896.705976247773,3.403680810753177,2.767042945021336,0,0,0,0,0,0,0,1,0,0
2010,7.237447,26,31206.05349928584,4.192692129135127,3.0405791984582597,0,0,0,0,0,0,0,0,1,0
2011,8.169436,26,31425.231864032863,4.607151132038927,3.8519779237704155,0,0,0,0,0,0,0,0,1,0
2012,8.838806,26,30539.746637344855,4.5531778402689,4.458598427947715,0,0,0,0,0,0,0,0,1,0
2013,10.10859,26,30183.541853437935,4.428362044555696,4.704098722960074,0,0,0,0,0,0,0,0,1,0
2014,9.673278,26,30981.319717523525,5.146169267344586,4.559850601864896,0,0,0,0,0,0,0,0,1,0
2015,8.962607,26,31643.714849227636,4.738237224375329,3.5578389249927214,0,0,0,0,0,0,0,0,0,1
2016,8.006598,26,32613.136063085658,4.8797153238672974,3.562097500965095,0,0,0,0,0,0,0,0,0,1
2017,6.569075,26,34157.6829685586,5.410977943317155,3.8602927135142027,0,0,0,0,0,0,0,0,0,1
2018,5.110229,26,35497.55595275476,6.1003205672292165,3.9567708392524645,0,0,0,0,0,0,0,0,0,1
1999,15.70546,27,30998.949035175345,0.8232983093227537,1.0074989030243509,0,0,0,0,0,1,0,0,0,0
2000,13.91963,27,32476.548892232055,0.8798010332586902,1.0038222747119623,0,0,0,0,0,0,1,0,0,0
2001,10.54965,27,33578.58116689209,0.8742370226267624,0.954209347154041,0,0,0,0,0,0,1,0,0,0
2002,11.44908,27,33948.10779721279,1.004983056135518,1.026610059979086,0,0,0,0,0,0,1,0,0,0
2003,11.48588,27,34320.19845563932,1.3392555262258832,1.2087452980787672,0,0,0,0,0,0,1,0,0,0
2004,10.96565,27,34844.50918697169,1.763473198566248,1.4427577202444293,0,0,0,0,0,0,1,0,0,0
2005,9.151379,27,35452.448008551386,2.1021080392206906,1.5269866545020327,0,0,0,0,0,0,0,1,0,0
2006,8.454682,27,36326.321298165094,2.487178522631246,1.6433212254761995,0,0,0,0,0,0,0,1,0,0
2007,8.231978,27,36907.38126869031,3.041557461529139,1.9897608997400522,0,0,0,0,0,0,0,1,0,0
2008,11.2443,27,36629.78756640283,3.381464786632568,2.371808807913156,0,0,0,0,0,0,0,1,0,0
2009,17.85731,27,34959.09478503824,2.3563921779604033,2.044189762329036,0,0,0,0,0,0,0,1,0,0
2010,19.8598,27,34869.48748845718,2.8999424825760536,2.3609227088717692,0,0,0,0,0,0,0,0,1,0
2011,21.39048,27,34456.92431467073,3.1975728703638704,2.8489994268462078,0,0,0,0,0,0,0,0,1,0
2012,24.78815,27,33415.63798267744,2.912084173657112,3.0609947620250266,0,0,0,0,0,0,0,0,1,0
2013,26.0919,27,33058.400736536096,3.0489871448905306,3.600286737019752,0,0,0,0,0,0,0,0,1,0
2014,24.44284,27,33615.54272065967,3.3600588548398576,3.47657236303265,0,0,0,0,0,0,0,0,1,0
2015,22.05655,27,34938.58146415346,3.2057687798049277,2.943697410887101,0,0,0,0,0,0,0,0,0,1
2016,19.63388,27,35966.889109322445,3.250050029570176,2.7619556527390863,0,0,0,0,0,0,0,0,0,1
2017,17.22489,27,36940.963324225726,3.571980860410476,2.962561567931599,0,0,0,0,0,0,0,0,0,1
2018,15.25788,27,37647.50128806092,3.9183856471981833,3.034495429226936,0,0,0,0,0,0,0,0,0,1
2001,4.850808,28,39640.755227961265,1.0080819176641733,2.522163482135716,0,0,0,0,0,0,1,0,0,0
2002,5.072618,28,40380.01445160701,1.0273054702581246,2.6606958619121226,0,0,0,0,0,0,1,0,0,0
2003,5.677462,28,41159.26647587756,1.3388058422769191,3.229147535322926,0,0,0,0,0,0,1,0,0,0
2004,6.525636,28,42775.726502588026,1.6438874324535229,3.8766664047542294,0,0,0,0,0,0,1,0,0,0
2005,7.475815,28,43823.016574327434,1.9604753775849786,3.988407587829533,0,0,0,0,0,0,0,1,0,0
2006,7.068759,28,45609.08751120257,2.2608016182348085,4.237219488392665,0,0,0,0,0,0,0,1,0,0
2007,6.163466,28,46829.1318638759,2.7474588323305995,4.920522343853103,0,0,0,0,0,0,0,1,0,0
2008,6.234297,28,46256.37401854888,2.9287949721249977,5.981560176025211,0,0,0,0,0,0,0,1,0,0
2009,8.346865,28,43873.619773490595,2.3288831291878584,4.654305533673538,0,0,0,0,0,0,0,1,0,0
2010,8.610753,28,46090.36831436544,3.041801281065339,5.412329530139216,0,0,0,0,0,0,0,0,1,0
2011,7.80387,28,47205.294174670154,3.2670812589340135,6.870429118784065,0,0,0,0,0,0,0,0,1,0
2012,7.975423,28,46581.70635728511,3.0951906149758956,5.692670343758021,0,0,0,0,0,0,0,0,1,0
2013,8.052903,28,46737.32131296954,3.009540048946537,5.581771558687056,0,0,0,0,0,0,0,0,1,0
2014,7.955972,28,47505.801628592104,3.1924362649132174,5.205186735323732,0,0,0,0,0,0,0,0,1,0
2015,7.432082,28,49116.32175866091,2.843668094895456,4.087807207664035,0,0,0,0,0,0,0,0,0,1
2016,6.991096,28,49507.34437929333,2.6805194704352693,3.7342966217997637,0,0,0,0,0,0,0,0,0,1
2017,6.718704,28,50099.04514901277,2.791031017692091,4.101734147657566,0,0,0,0,0,0,0,0,0,1
2018,6.364352,28,50486.08401749585,2.987088555619212,4.179052259210236,0,0,0,0,0,0,0,0,0,1
2010,4.803483,29,62312.30507443536,3.6243374852973336,8.066831616304047,0,0,0,0,0,0,0,0,1,0
2011,4.401403,29,62666.493600674185,4.005114655314616,10.22475094694624,0,0,0,0,0,0,0,0,1,0
2012,4.48394,29,62628.37435838887,5.1518240143409315,9.791840576402514,0,0,0,0,0,0,0,0,1,0
2013,4.746688,29,63058.98926810646,5.409891915076709,10.03566231591184,0,0,0,0,0,0,0,0,1,0
2014,4.829303,29,63820.02477576879,5.5172397209298545,9.868676551351282,0,0,0,0,0,0,0,0,1,0
2015,4.80018,29,63938.94280376287,5.059781864709094,9.020968248233958,0,0,0,0,0,0,0,0,0,1
2016,4.918711,29,64334.093361139065,4.9416715009654,8.360481305801601,0,0,0,0,0,0,0,0,0,1
2017,4.797114,29,64883.44456362962,5.5906337987301695,8.72125620122918,0,0,0,0,0,0,0,0,0,1
2018,4.714227,29,66187.3226333563,6.6099203134787805,9.076585904283723,0,0,0,0,0,0,0,0,0,1
2000,5.57515,30,36102.20302035804,2.5059616559796494,1.4645611396805707,0,0,0,0,0,0,1,0,0,0
2001,5.01319,30,37033.28497229781,2.227636239863976,1.3312078936861587,0,0,0,0,0,0,1,0,0,0
2002,5.132106,30,37732.79095090586,2.5031115739125336,1.3737974390344072,0,0,0,0,0,0,1,0,0,0
2003,4.966743,30,38795.74298440781,2.850257553289235,1.6719298169307129,0,0,0,0,0,0,1,0,0,0
2004,4.690948,30,39508.909503868905,3.495665827818307,1.919179485198548,0,0,0,0,0,0,1,0,0,0
2005,4.74926,30,40452.825680236245,3.6846344700660074,2.2764317413592106,0,0,0,0,0,0,0,1,0,0
2006,5.348789,30,41297.9183181724,4.014645984073866,2.175930749853378,0,0,0,0,0,0,0,1,0,0
2007,5.262478,30,41962.268682298294,4.6648729556875015,2.4206390058984315,0,0,0,0,0,0,0,1,0,0
2008,5.61258,30,41502.695317587546,4.614223679502906,2.791146534688072,0,0,0,0,0,0,0,1,0,0
2009,7.536723,30,39460.98820365778,3.366600327531947,2.1333117588818853,0,0,0,0,0,0,0,1,0,0
2010,7.786648,30,39910.43712998404,4.56585038298339,2.7342570683842653,0,0,0,0,0,0,0,0,1,0
2011,8.036686,30,40188.48778967007,4.907984503685908,3.256639480219743,0,0,0,0,0,0,0,0,1,0
2012,7.885344,30,40514.0419320107,4.214998836051637,3.4225620225701294,0,0,0,0,0,0,0,0,1,0
2013,7.525075,30,41122.22730931034,4.103211215091832,3.543652341247506,0,0,0,0,0,0,0,0,1,0
2014,6.110472,30,41873.69516968903,4.215893233549054,3.5314496800315407,0,0,0,0,0,0,0,0,1,0
2015,5.301053,30,42522.16163640768,4.039738494717389,3.0693234923154,0,0,0,0,0,0,0,0,0,1
2016,4.809951,30,42982.6267828137,3.7543554897882503,2.693899562478754,0,0,0,0,0,0,0,0,0,1
2017,4.330292,30,43535.81254541077,3.7699332711728104,2.867440423601595,0,0,0,0,0,0,0,0,0,1
2018,3.996093,30,43856.97550332615,3.9422094101840575,2.8097878023780054,0,0,0,0,0,0,0,0,0,1
1981,7.6,31,31628.38821750948,0.3192078493864558,0.7753554470235489,0,0,1,0,0,0,0,0,0,0
1982,9.708333,31,30763.392783799405,0.32793137331861083,0.6965592529129344,0,0,1,0,0,0,0,0,0,0
1983,9.616667,31,31880.780942396173,0.3825728362025881,0.5271083421802845,0,0,1,0,0,0,0,0,0,0
1984,7.525,31,33893.15834254009,0.478970112320243,0.518595691818769,0,0,1,0,0,0,0,0,0,0
1985,7.191667,31,34994.923990263356,0.47122188002780907,0.5034245940499226,0,0,0,1,0,0,0,0,0,0
1986,6.991667,31,35873.594588483,0.5144357179956459,0.4850534281482099,0,0,0,1,0,0,0,0,0,0
1987,6.191667,31,36784.39921919995,0.6231574180051307,0.5208654958456306,0,0,0,1,0,0,0,0,0,0
1988,5.491667,31,37974.51210655756,0.7310374842246133,0.6431066756073458,0,0,0,1,0,0,0,0,0,0
1989,5.266667,31,38999.091600763844,0.7960902162060387,0.7021043685313596,0,0,0,1,0,0,0,0,0,0
1990,5.616667,31,39288.328542358315,0.8570982224200286,0.7688392756482302,0,0,0,0,1,0,0,0,0,0
1991,6.816667,31,38724.837665933104,0.9324285167602164,0.9278377036611261,0,0,0,0,1,0,0,0,0,0
1992,7.508333,31,39536.704561069484,1.1174608803341404,1.0766482014948402,0,0,0,0,1,0,0,0,0,0
1993,6.9,31,40092.98884349126,1.2834599016265476,1.1480666986913275,0,0,0,0,1,0,0,0,0,0
1994,6.083333,31,41199.88993630542,1.5226269287576082,1.218230099448641,0,0,0,0,1,0,0,0,0,0
1995,5.608333,31,41804.9385343857,1.7527450441947654,1.2934101462381966,0,0,0,0,0,1,0,0,0,0
1996,5.416667,31,42880.2614754068,1.862049345279185,1.404180588438857,0,0,0,0,0,1,0,0,0,0
1997,4.95,31,44252.93375232455,2.0469943354292797,1.6215174215609047,0,0,0,0,0,1,0,0,0,0
1998,4.508333,31,45698.53068417644,2.1798739057642176,1.557809740593356,0,0,0,0,0,1,0,0,0,0
1999,4.216667,31,47324.10501021487,2.333733180095796,1.4552484342196252,0,0,0,0,0,1,0,0,0,0
2000,3.991667,31,48732.12520465739,2.5885406552492864,1.6402734333728057,0,0,0,0,0,0,1,0,0,0
2001,4.733333,31,48733.903429585866,2.464742716575443,1.5571319644545891,0,0,0,0,0,0,1,0,0,0
2002,5.775,31,49124.799946157706,2.7265091854322825,1.4456095450569137,0,0,0,0,0,0,1,0,0,0
2003,5.991667,31,50097.92579922314,2.890916255391449,1.4456003921165177,0,0,0,0,0,0,1,0,0,0
2004,5.533333,31,51522.049837704784,3.3026324487473424,1.5283266597650396,0,0,0,0,0,0,1,0,0,0
2005,5.066667,31,52842.81882521259,3.6465396271518125,1.6412674850463749,0,0,0,0,0,0,0,1,0,0
2006,4.616667,31,53829.89917330628,4.06399880605796,2.0399543239902984,0,0,0,0,0,0,0,1,0,0
2007,4.616667,31,54320.7555049235,4.237207733774184,2.21479192376965,0,0,0,0,0,0,0,1,0,0
2008,5.775,31,53735.883883338865,4.310966771162571,2.492297278520308,0,0,0,0,0,0,0,1,0,0
2009,9.266666,31,51915.615390436054,3.6849687910421456,1.9834233040688833,0,0,0,0,0,0,0,1,0,0
2010,9.616667,31,52806.875762191215,4.4950298175203915,2.4033299664864725,0,0,0,0,0,0,0,0,1,0
2011,8.95,31,53237.902213424735,4.896700360061241,2.693765563494226,0,0,0,0,0,0,0,0,1,0
2012,8.066667,31,54037.62631947044,5.126259740784627,2.7803767268216837,0,0,0,0,0,0,0,0,1,0
2013,7.375,31,54652.84321335387,5.191571787884688,2.825011106540948,0,0,0,0,0,0,0,0,1,0
2014,6.166667,31,55623.52994445075,5.391911579721518,2.8329750811843306,0,0,0,0,0,0,0,0,1,0
2015,5.291667,31,56820.56531342806,5.488797378514309,2.61680079717286,0,0,0,0,0,0,0,0,0,1
2016,4.866667,31,57334.92953918519,5.3147181098901966,2.4460788732144154,0,0,0,0,0,0,0,0,0,1
2017,4.35,31,58318.947445331985,5.600473520130142,2.476817939807084,0,0,0,0,0,0,0,0,0,1
2018,3.9,31,59655.45996335319,5.870503099408484,2.5153140377246785,0,0,0,0,0,0,0,0,0,1
